last,first,pos,num,comb,takeaways,oz_take,nz_take,dz_take,p1_take,p2_take,p3_take,ot_take,5v5_take,ev_take,pp_take,sh_take
ELLIOTT,BRIAN,G,1,BRIAN ELLIOTT,0.0,0.0,0.0,0.0,0.0,0.0,0.0,0.0,0.0,0.0,0.0,0.0
CAMPBELL,JACK,G,1,JACK CAMPBELL,0.0,0.0,0.0,0.0,0.0,0.0,0.0,0.0,0.0,0.0,0.0,0.0
ENROTH,JHONAS,G,1,JHONAS ENROTH,0.0,0.0,0.0,0.0,0.0,0.0,0.0,0.0,0.0,0.0,0.0,0.0
HILLER,JONAS,G,1,JONAS HILLER,0.0,0.0,0.0,0.0,0.0,0.0,0.0,0.0,0.0,0.0,0.0,0.0
SAROS,JUUSE,G,1,JUUSE SAROS,0.0,0.0,0.0,0.0,0.0,0.0,0.0,0.0,0.0,0.0,0.0,0.0
KINKAID,KEITH,G,1,KEITH KINKAID,0.0,0.0,0.0,0.0,0.0,0.0,0.0,0.0,0.0,0.0,0.0,0.0
BROSSOIT,LAURENT,G,1,LAURENT BROSSOIT,0.0,0.0,0.0,0.0,0.0,0.0,0.0,0.0,0.0,0.0,0.0,0.0
LUONGO,ROBERTO,G,1,ROBERTO LUONGO,0.0,0.0,0.0,0.0,0.0,0.0,0.0,0.0,0.0,0.0,0.0,0.0
VARLAMOV,SEMYON,G,1,SEMYON VARLAMOV,0.0,0.0,0.0,0.0,0.0,0.0,0.0,0.0,0.0,0.0,0.0,0.0
GREISS,THOMAS,G,1,THOMAS GREISS,0.0,0.0,0.0,0.0,0.0,0.0,0.0,0.0,0.0,0.0,0.0,0.0
QUINE,ALAN,C,10,ALAN QUINE,1.0,1.0,0.0,0.0,1.0,0.0,0.0,0.0,1.0,1.0,0.0,0.0
STREET,BEN,C,10,BEN STREET,0.0,0.0,0.0,0.0,0.0,0.0,0.0,0.0,0.0,0.0,0.0,0.0
SCHENN,BRAYDEN,C,10,BRAYDEN SCHENN,30.0,13.0,6.0,11.0,11.0,10.0,9.0,0.0,25.0,29.0,1.0,0.0
SISSONS,COLTON,C,10,COLTON SISSONS,7.0,2.0,3.0,2.0,3.0,3.0,1.0,0.0,5.0,5.0,0.0,2.0
MILLER,J.T.,C,10,J.T. MILLER,40.0,17.0,12.0,11.0,9.0,21.0,9.0,1.0,37.0,39.0,1.0,0.0
SCHROEDER,JORDAN,C,10,JORDAN SCHROEDER,1.0,0.0,1.0,0.0,1.0,0.0,0.0,0.0,1.0,1.0,0.0,0.0
RICHARDS,MIKE,C,10,MIKE RICHARDS,12.0,5.0,1.0,6.0,3.0,6.0,3.0,0.0,7.0,7.0,0.0,5.0
PRINCE,SHANE,C,10,SHANE PRINCE,19.0,6.0,7.0,6.0,5.0,7.0,6.0,1.0,18.0,19.0,0.0,0.0
EHRHOFF,CHRISTIAN,D,10,CHRISTIAN EHRHOFF,5.0,0.0,1.0,4.0,2.0,0.0,3.0,0.0,4.0,5.0,0.0,0.0
DUCLAIR,ANTHONY,L,10,ANTHONY DUCLAIR,26.0,18.0,2.0,6.0,14.0,5.0,7.0,0.0,22.0,22.0,4.0,0.0
SCHNEIDER,COLE,L,10,COLE SCHNEIDER,0.0,0.0,0.0,0.0,0.0,0.0,0.0,0.0,0.0,0.0,0.0,0.0
ANGELIDIS,MIKE,L,10,MIKE ANGELIDIS,1.0,0.0,0.0,1.0,1.0,0.0,0.0,0.0,0.0,0.0,0.0,1.0
SHARP,PATRICK,L,10,PATRICK SHARP,51.0,19.0,17.0,15.0,16.0,15.0,19.0,1.0,43.0,48.0,2.0,1.0
PERRY,COREY,R,10,COREY PERRY,25.0,9.0,9.0,7.0,9.0,9.0,7.0,0.0,24.0,24.0,1.0,0.0
VERSTEEG,KRIS,R,10,KRIS VERSTEEG,38.0,12.0,13.0,13.0,14.0,12.0,12.0,0.0,34.0,34.0,4.0,0.0
YAKUPOV,NAIL,R,10,NAIL YAKUPOV,27.0,13.0,9.0,5.0,8.0,11.0,8.0,0.0,23.0,23.0,4.0,0.0
UPSHALL,SCOTTIE,R,10,SCOTTIE UPSHALL,19.0,7.0,6.0,6.0,7.0,5.0,7.0,0.0,16.0,16.0,0.0,3.0
DESJARDINS,ANDREW,C,11,ANDREW DESJARDINS,26.0,13.0,3.0,10.0,10.0,11.0,5.0,0.0,19.0,20.0,0.0,6.0
KOPITAR,ANZE,C,11,ANZE KOPITAR,43.0,19.0,12.0,12.0,13.0,17.0,12.0,1.0,33.0,35.0,4.0,4.0
PIRRI,BRANDON,C,11,BRANDON PIRRI,20.0,4.0,8.0,8.0,7.0,7.0,6.0,0.0,19.0,20.0,0.0,0.0
BOYLE,BRIAN,C,11,BRIAN BOYLE,15.0,4.0,6.0,5.0,2.0,7.0,6.0,0.0,12.0,12.0,0.0,3.0
HODGSON,CODY,C,11,CODY HODGSON,7.0,5.0,0.0,2.0,2.0,3.0,2.0,0.0,7.0,7.0,0.0,0.0
HUBERDEAU,JONATHAN,C,11,JONATHAN HUBERDEAU,32.0,9.0,12.0,11.0,7.0,11.0,13.0,1.0,26.0,30.0,0.0,2.0
STAAL,JORDAN,C,11,JORDAN STAAL,55.0,23.0,17.0,15.0,20.0,15.0,20.0,0.0,43.0,46.0,0.0,9.0
PORTER,KEVIN,C,11,KEVIN PORTER,7.0,4.0,2.0,1.0,1.0,3.0,3.0,0.0,5.0,5.0,0.0,2.0
HANZAL,MARTIN,C,11,MARTIN HANZAL,27.0,12.0,6.0,9.0,9.0,4.0,12.0,2.0,19.0,21.0,4.0,2.0
BACKLUND,MIKAEL,C,11,MIKAEL BACKLUND,57.0,32.0,11.0,14.0,17.0,18.0,22.0,0.0,49.0,52.0,1.0,4.0
HYMAN,ZACH,C,11,ZACH HYMAN,9.0,6.0,1.0,2.0,5.0,1.0,3.0,0.0,6.0,6.0,1.0,2.0
LERG,BRYAN,L,11,BRYAN LERG,0.0,0.0,0.0,0.0,0.0,0.0,0.0,0.0,0.0,0.0,0.0,0.0
MCKENZIE,CURTIS,L,11,CURTIS MCKENZIE,1.0,1.0,0.0,0.0,0.0,1.0,0.0,0.0,1.0,1.0,0.0,0.0
CALVERT,MATT,L,11,MATT CALVERT,36.0,13.0,9.0,14.0,13.0,14.0,9.0,0.0,25.0,26.0,0.0,10.0
PARISE,ZACH,L,11,ZACH PARISE,39.0,21.0,12.0,6.0,14.0,6.0,17.0,2.0,31.0,35.0,3.0,1.0
GALLAGHER,BRENDAN,R,11,BRENDAN GALLAGHER,30.0,18.0,5.0,7.0,11.0,10.0,9.0,0.0,28.0,28.0,2.0,0.0
HAYES,JIMMY,R,11,JIMMY HAYES,25.0,7.0,13.0,5.0,8.0,6.0,11.0,0.0,24.0,25.0,0.0,0.0
GIONTA,STEPHEN,R,11,STEPHEN GIONTA,17.0,4.0,3.0,10.0,8.0,4.0,5.0,0.0,13.0,14.0,0.0,3.0
STAAL,ERIC,C,12,ERIC STAAL,62.0,29.0,12.0,21.0,25.0,10.0,26.0,1.0,54.0,56.0,4.0,2.0
LEHTERA,JORI,C,12,JORI LEHTERA,29.0,15.0,8.0,6.0,10.0,15.0,3.0,1.0,21.0,24.0,1.0,4.0
BAILEY,JOSH,C,12,JOSH BAILEY,41.0,11.0,10.0,20.0,12.0,11.0,17.0,1.0,37.0,38.0,0.0,3.0
FISHER,MIKE,C,12,MIKE FISHER,21.0,6.0,4.0,11.0,4.0,9.0,8.0,0.0,15.0,16.0,0.0,5.0
MARLEAU,PATRICK,C,12,PATRICK MARLEAU,46.0,23.0,11.0,12.0,17.0,16.0,10.0,3.0,31.0,34.0,6.0,6.0
FAKSA,RADEK,C,12,RADEK FAKSA,20.0,6.0,8.0,6.0,6.0,10.0,4.0,0.0,16.0,17.0,0.0,3.0
BOUCHER,REID,C,12,REID BOUCHER,9.0,5.0,3.0,1.0,3.0,1.0,5.0,0.0,9.0,9.0,0.0,0.0
KLINKHAMMER,ROB,C,12,ROB KLINKHAMMER,3.0,2.0,0.0,1.0,1.0,1.0,1.0,0.0,2.0,2.0,0.0,1.0
LOVEJOY,BEN,D,12,BEN LOVEJOY,20.0,3.0,0.0,17.0,7.0,6.0,7.0,0.0,18.0,18.0,0.0,2.0
PAILLE,DANIEL,L,12,DANIEL PAILLE,5.0,1.0,1.0,3.0,0.0,2.0,3.0,0.0,4.0,4.0,0.0,1.0
RAFFL,MICHAEL,L,12,MICHAEL RAFFL,31.0,18.0,5.0,8.0,8.0,9.0,14.0,0.0,31.0,31.0,0.0,0.0
FLEISCHMANN,TOMAS,L,12,TOMAS FLEISCHMANN,38.0,16.0,11.0,11.0,7.0,15.0,15.0,1.0,31.0,33.0,1.0,4.0
RICHARDSON,BRAD,R,12,BRAD RICHARDSON,26.0,10.0,3.0,13.0,6.0,9.0,11.0,0.0,23.0,24.0,0.0,2.0
GIONTA,BRIAN,R,12,BRIAN GIONTA,31.0,11.0,9.0,11.0,11.0,7.0,13.0,0.0,28.0,28.0,0.0,3.0
JONES,DAVID,R,12,DAVID JONES,14.0,5.0,4.0,5.0,4.0,6.0,4.0,0.0,14.0,14.0,0.0,0.0
STAFFORD,DREW,R,12,DREW STAFFORD,30.0,17.0,6.0,7.0,14.0,5.0,10.0,1.0,22.0,25.0,1.0,4.0
IGINLA,JAROME,R,12,JAROME IGINLA,22.0,10.0,7.0,5.0,6.0,8.0,8.0,0.0,21.0,21.0,1.0,0.0
GABORIK,MARIAN,R,12,MARIAN GABORIK,13.0,6.0,5.0,2.0,4.0,6.0,3.0,0.0,12.0,12.0,1.0,0.0
PAQUETTE,CEDRIC,C,13,CEDRIC PAQUETTE,16.0,4.0,5.0,7.0,7.0,5.0,4.0,0.0,12.0,12.0,0.0,4.0
JANMARK,MATTIAS,C,13,MATTIAS JANMARK,26.0,13.0,7.0,6.0,5.0,10.0,11.0,0.0,26.0,26.0,0.0,0.0
BONINO,NICK,C,13,NICK BONINO,32.0,9.0,7.0,16.0,8.0,13.0,10.0,1.0,22.0,24.0,1.0,7.0
DATSYUK,PAVEL,C,13,PAVEL DATSYUK,48.0,22.0,13.0,13.0,15.0,16.0,16.0,1.0,42.0,46.0,2.0,0.0
TANEV,BRANDON,L,13,BRANDON TANEV,0.0,0.0,0.0,0.0,0.0,0.0,0.0,0.0,0.0,0.0,0.0,0.0
GAUDREAU,JOHNNY,L,13,JOHNNY GAUDREAU,41.0,20.0,10.0,11.0,16.0,10.0,11.0,4.0,33.0,39.0,2.0,0.0
CLIFFORD,KYLE,L,13,KYLE CLIFFORD,5.0,4.0,1.0,0.0,1.0,1.0,3.0,0.0,5.0,5.0,0.0,0.0
CAMMALLERI,MIKE,L,13,MIKE CAMMALLERI,19.0,9.0,5.0,5.0,7.0,6.0,5.0,1.0,16.0,18.0,1.0,0.0
PAUL,NICK,L,13,NICK PAUL,9.0,3.0,4.0,2.0,2.0,4.0,3.0,0.0,9.0,9.0,0.0,0.0
SEMIN,ALEXANDER,R,13,ALEXANDER SEMIN,6.0,4.0,1.0,1.0,2.0,2.0,2.0,0.0,5.0,5.0,1.0,0.0
ATKINSON,CAM,R,13,CAM ATKINSON,43.0,16.0,11.0,16.0,16.0,16.0,10.0,1.0,25.0,27.0,6.0,10.0
HAYES,KEVIN,R,13,KEVIN HAYES,24.0,14.0,5.0,5.0,13.0,5.0,6.0,0.0,23.0,24.0,0.0,0.0
BROWN,MIKE,R,13,MIKE BROWN,9.0,3.0,0.0,6.0,2.0,4.0,3.0,0.0,9.0,9.0,0.0,0.0
HENRIQUE,ADAM,C,14,ADAM HENRIQUE,38.0,12.0,9.0,17.0,18.0,16.0,4.0,0.0,27.0,27.0,2.0,9.0
GREENING,COLIN,C,14,COLIN GREENING,10.0,4.0,3.0,3.0,7.0,2.0,1.0,0.0,10.0,10.0,0.0,0.0
NYQUIST,GUSTAV,C,14,GUSTAV NYQUIST,28.0,15.0,7.0,6.0,13.0,3.0,11.0,1.0,26.0,27.0,1.0,0.0
VITALE,JOE,C,14,JOE VITALE,0.0,0.0,0.0,0.0,0.0,0.0,0.0,0.0,0.0,0.0,0.0,0.0
EBERLE,JORDAN,C,14,JORDAN EBERLE,30.0,17.0,3.0,10.0,9.0,12.0,9.0,0.0,26.0,28.0,2.0,0.0
GERBE,NATHAN,C,14,NATHAN GERBE,13.0,7.0,2.0,4.0,4.0,3.0,6.0,0.0,11.0,13.0,0.0,0.0
COUTURIER,SEAN,C,14,SEAN COUTURIER,27.0,7.0,6.0,14.0,7.0,9.0,10.0,1.0,16.0,18.0,4.0,5.0
PLEKANEC,TOMAS,C,14,TOMAS PLEKANEC,15.0,4.0,5.0,6.0,2.0,4.0,8.0,1.0,8.0,11.0,2.0,2.0
EKHOLM,MATTIAS,D,14,MATTIAS EKHOLM,26.0,2.0,2.0,22.0,13.0,7.0,6.0,0.0,21.0,22.0,0.0,4.0
HICKEY,THOMAS,D,14,THOMAS HICKEY,18.0,3.0,4.0,11.0,7.0,2.0,9.0,0.0,14.0,16.0,0.0,2.0
BURROWS,ALEXANDRE,L,14,ALEXANDRE BURROWS,27.0,16.0,4.0,7.0,8.0,9.0,10.0,0.0,25.0,25.0,0.0,2.0
COMEAU,BLAKE,L,14,BLAKE COMEAU,31.0,7.0,5.0,19.0,15.0,10.0,5.0,1.0,26.0,27.0,0.0,4.0
KUNITZ,CHRIS,L,14,CHRIS KUNITZ,33.0,15.0,9.0,9.0,12.0,7.0,14.0,0.0,30.0,30.0,3.0,0.0
BENN,JAMIE,L,14,JAMIE BENN,65.0,22.0,20.0,23.0,23.0,22.0,17.0,3.0,54.0,57.0,0.0,8.0
PELUSO,ANTHONY,R,14,ANTHONY PELUSO,3.0,1.0,1.0,1.0,1.0,1.0,1.0,0.0,3.0,3.0,0.0,0.0
CONNOLLY,BRETT,R,14,BRETT CONNOLLY,11.0,4.0,4.0,3.0,2.0,6.0,3.0,0.0,11.0,11.0,0.0,0.0
FONTAINE,JUSTIN,R,14,JUSTIN FONTAINE,17.0,3.0,6.0,8.0,6.0,3.0,8.0,0.0,10.0,10.0,0.0,7.0
WILLIAMS,JUSTIN,R,14,JUSTIN WILLIAMS,37.0,20.0,9.0,8.0,15.0,13.0,9.0,0.0,30.0,30.0,2.0,5.0
PANIK,RICHARD,R,14,RICHARD PANIK,6.0,3.0,2.0,1.0,3.0,1.0,2.0,0.0,6.0,6.0,0.0,0.0
TIKHONOV,VIKTOR,R,14,VIKTOR TIKHONOV,12.0,7.0,5.0,0.0,4.0,6.0,2.0,0.0,10.0,11.0,1.0,0.0
NESTRASIL,ANDREJ,C,15,ANDREJ NESTRASIL,29.0,9.0,9.0,11.0,8.0,13.0,8.0,0.0,28.0,29.0,0.0,0.0
ANDREOFF,ANDY,C,15,ANDY ANDREOFF,12.0,4.0,3.0,5.0,5.0,2.0,5.0,0.0,12.0,12.0,0.0,0.0
ANISIMOV,ARTEM,C,15,ARTEM ANISIMOV,28.0,11.0,7.0,10.0,18.0,3.0,7.0,0.0,21.0,21.0,2.0,5.0
GORDON,BOYD,C,15,BOYD GORDON,10.0,3.0,1.0,6.0,4.0,1.0,5.0,0.0,7.0,7.0,0.0,3.0
SMITH,CRAIG,C,15,CRAIG SMITH,42.0,16.0,13.0,13.0,15.0,19.0,8.0,0.0,41.0,42.0,0.0,0.0
EICHEL,JACK,C,15,JACK EICHEL,43.0,20.0,11.0,12.0,16.0,13.0,13.0,1.0,39.0,40.0,3.0,0.0
SHEAHAN,RILEY,C,15,RILEY SHEAHAN,20.0,10.0,3.0,7.0,7.0,8.0,5.0,0.0,17.0,17.0,0.0,3.0
FABBRI,ROBBY,C,15,ROBBY FABBRI,27.0,13.0,7.0,7.0,11.0,9.0,7.0,0.0,26.0,26.0,1.0,0.0
GETZLAF,RYAN,C,15,RYAN GETZLAF,48.0,20.0,15.0,13.0,13.0,15.0,20.0,0.0,37.0,37.0,5.0,6.0
SMITH,ZACK,C,15,ZACK SMITH,33.0,9.0,7.0,17.0,11.0,10.0,12.0,0.0,27.0,27.0,0.0,6.0
SMID,LADISLAV,D,15,LADISLAV SMID,1.0,1.0,0.0,0.0,0.0,0.0,1.0,0.0,1.0,1.0,0.0,0.0
DEL ZOTTO,MICHAEL,D,15,MICHAEL DEL ZOTTO,14.0,2.0,3.0,9.0,6.0,5.0,3.0,0.0,12.0,12.0,0.0,2.0
NEMETH,PATRIK,D,15,PATRIK NEMETH,5.0,0.0,0.0,5.0,3.0,1.0,1.0,0.0,4.0,4.0,0.0,1.0
GLASS,TANNER,L,15,TANNER GLASS,4.0,1.0,1.0,2.0,2.0,1.0,1.0,0.0,2.0,2.0,0.0,2.0
CLUTTERBUCK,CAL,R,15,CAL CLUTTERBUCK,21.0,7.0,3.0,11.0,5.0,7.0,9.0,0.0,12.0,12.0,0.0,9.0
DORSETT,DEREK,R,15,DEREK DORSETT,11.0,6.0,3.0,2.0,4.0,2.0,5.0,0.0,10.0,10.0,0.0,1.0
HALISCHUK,MATT,R,15,MATT HALISCHUK,5.0,1.0,1.0,3.0,1.0,1.0,3.0,0.0,5.0,5.0,0.0,0.0
PARENTEAU,PIERRE-ALEXANDRE,R,15,PIERRE-ALEXANDRE PARENTEAU,29.0,14.0,7.0,8.0,11.0,10.0,7.0,1.0,26.0,27.0,2.0,0.0
RUUTU,TUOMO,R,15,TUOMO RUUTU,10.0,4.0,3.0,3.0,2.0,3.0,5.0,0.0,10.0,10.0,0.0,0.0
BARKOV,ALEKSANDER,C,16,ALEKSANDER BARKOV,45.0,16.0,12.0,17.0,20.0,17.0,6.0,2.0,34.0,38.0,3.0,4.0
BASS,CODY,C,16,CODY BASS,2.0,0.0,0.0,2.0,1.0,0.0,1.0,0.0,1.0,1.0,0.0,1.0
BRASSARD,DERICK,C,16,DERICK BRASSARD,47.0,16.0,11.0,20.0,18.0,16.0,12.0,1.0,37.0,41.0,5.0,1.0
LINDHOLM,ELIAS,C,16,ELIAS LINDHOLM,33.0,15.0,6.0,12.0,16.0,11.0,5.0,1.0,28.0,29.0,2.0,2.0
FEHR,ERIC,C,16,ERIC FEHR,30.0,13.0,6.0,11.0,9.0,11.0,10.0,0.0,19.0,20.0,0.0,10.0
JOSEFSON,JACOB,C,16,JACOB JOSEFSON,19.0,8.0,3.0,8.0,4.0,10.0,5.0,0.0,10.0,11.0,1.0,7.0
DICKINSON,JASON,C,16,JASON DICKINSON,0.0,0.0,0.0,0.0,0.0,0.0,0.0,0.0,0.0,0.0,0.0,0.0
KRUGER,MARCUS,C,16,MARCUS KRUGER,10.0,6.0,1.0,3.0,3.0,4.0,3.0,0.0,9.0,10.0,0.0,0.0
DOMI,MAX,C,16,MAX DOMI,28.0,17.0,7.0,4.0,9.0,7.0,12.0,0.0,23.0,23.0,4.0,1.0
SPALING,NICK,C,16,NICK SPALING,31.0,18.0,4.0,9.0,9.0,8.0,14.0,0.0,27.0,27.0,0.0,4.0
GARBUTT,RYAN,C,16,RYAN GARBUTT,12.0,7.0,4.0,1.0,3.0,2.0,7.0,0.0,9.0,9.0,0.0,3.0
ZADOROV,NIKITA,D,16,NIKITA ZADOROV,6.0,0.0,0.0,6.0,2.0,1.0,3.0,0.0,5.0,5.0,0.0,1.0
LADD,ANDREW,L,16,ANDREW LADD,29.0,16.0,4.0,9.0,10.0,10.0,9.0,0.0,22.0,22.0,2.0,5.0
MACARTHUR,CLARKE,L,16,CLARKE MACARTHUR,0.0,0.0,0.0,0.0,0.0,0.0,0.0,0.0,0.0,0.0,0.0,0.0
ZUCKER,JASON,L,16,JASON ZUCKER,40.0,18.0,8.0,14.0,15.0,14.0,11.0,0.0,37.0,38.0,1.0,1.0
BROWN,CONNOR,R,16,CONNOR BROWN,4.0,1.0,3.0,0.0,3.0,1.0,0.0,0.0,4.0,4.0,0.0,0.0
JOORIS,JOSH,R,16,JOSH JOORIS,14.0,5.0,4.0,5.0,6.0,2.0,6.0,0.0,12.0,12.0,0.0,2.0
BERNIER,STEVE,R,16,STEVE BERNIER,6.0,3.0,2.0,1.0,3.0,2.0,1.0,0.0,6.0,6.0,0.0,0.0
PURCELL,TEDDY,R,16,TEDDY PURCELL,31.0,14.0,5.0,12.0,12.0,8.0,10.0,1.0,26.0,27.0,2.0,2.0
KILLORN,ALEX,C,17,ALEX KILLORN,31.0,11.0,8.0,12.0,5.0,14.0,11.0,1.0,26.0,28.0,2.0,1.0
RICHARDS,BRAD,C,17,BRAD RICHARDS,15.0,8.0,4.0,3.0,4.0,7.0,4.0,0.0,13.0,14.0,1.0,0.0
DUBINSKY,BRANDON,C,17,BRANDON DUBINSKY,45.0,13.0,10.0,22.0,8.0,12.0,24.0,1.0,34.0,36.0,2.0,7.0
LEGWAND,DAVID,C,17,DAVID LEGWAND,19.0,5.0,5.0,9.0,5.0,6.0,8.0,0.0,14.0,14.0,0.0,5.0
MACKENZIE,DEREK,C,17,DEREK MACKENZIE,27.0,8.0,10.0,9.0,7.0,11.0,9.0,0.0,15.0,16.0,0.0,11.0
SHORE,DEVIN,C,17,DEVIN SHORE,0.0,0.0,0.0,0.0,0.0,0.0,0.0,0.0,0.0,0.0,0.0,0.0
SCHWARTZ,JADEN,C,17,JADEN SCHWARTZ,16.0,9.0,5.0,2.0,7.0,2.0,7.0,0.0,14.0,14.0,0.0,2.0
KESLER,RYAN,C,17,RYAN KESLER,39.0,13.0,10.0,16.0,16.0,10.0,12.0,1.0,25.0,28.0,1.0,10.0
MITCHELL,TORREY,C,17,TORREY MITCHELL,22.0,6.0,8.0,8.0,8.0,5.0,9.0,0.0,20.0,20.0,0.0,2.0
STUART,BRAD,D,17,BRAD STUART,0.0,0.0,0.0,0.0,0.0,0.0,0.0,0.0,0.0,0.0,0.0,0.0
LOWRY,ADAM,L,17,ADAM LOWRY,33.0,14.0,7.0,12.0,11.0,13.0,9.0,0.0,24.0,24.0,0.0,9.0
MCCARTHY,JOHN,L,17,JOHN MCCARTHY,0.0,0.0,0.0,0.0,0.0,0.0,0.0,0.0,0.0,0.0,0.0,0.0
BOUMA,LANCE,L,17,LANCE BOUMA,6.0,2.0,0.0,4.0,0.0,4.0,2.0,0.0,3.0,3.0,0.0,3.0
MARTIN,MATT,L,17,MATT MARTIN,8.0,4.0,3.0,1.0,1.0,3.0,4.0,0.0,8.0,8.0,0.0,0.0
LUCIC,MILAN,L,17,MILAN LUCIC,22.0,14.0,7.0,1.0,7.0,11.0,4.0,0.0,20.0,20.0,2.0,0.0
RUST,BRYAN,R,17,BRYAN RUST,10.0,3.0,3.0,4.0,4.0,3.0,3.0,0.0,9.0,10.0,0.0,0.0
VRBATA,RADIM,R,17,RADIM VRBATA,20.0,6.0,8.0,6.0,5.0,7.0,5.0,3.0,15.0,19.0,1.0,0.0
DOWNIE,STEVE,R,17,STEVE DOWNIE,4.0,3.0,1.0,0.0,1.0,2.0,1.0,0.0,4.0,4.0,0.0,0.0
SIMMONDS,WAYNE,R,17,WAYNE SIMMONDS,25.0,9.0,7.0,9.0,4.0,7.0,12.0,2.0,17.0,21.0,4.0,0.0
O'NEILL,BRIAN,C,18,BRIAN O'NEILL,4.0,2.0,0.0,2.0,1.0,1.0,2.0,0.0,4.0,4.0,0.0,0.0
LITTLE,BRYAN,C,18,BRYAN LITTLE,20.0,8.0,5.0,7.0,2.0,8.0,10.0,0.0,15.0,16.0,1.0,3.0
STEPHENSON,CHANDLER,C,18,CHANDLER STEPHENSON,3.0,1.0,2.0,0.0,0.0,0.0,3.0,0.0,3.0,3.0,0.0,0.0
MCCLEMENT,JAY,C,18,JAY MCCLEMENT,32.0,10.0,9.0,13.0,9.0,16.0,7.0,0.0,27.0,27.0,0.0,5.0
ANDERSSON,JOAKIM,C,18,JOAKIM ANDERSSON,1.0,0.0,1.0,0.0,1.0,0.0,0.0,0.0,0.0,0.0,0.0,1.0
STAJAN,MATT,C,18,MATT STAJAN,34.0,13.0,7.0,14.0,16.0,8.0,9.0,1.0,30.0,31.0,0.0,3.0
CARTER,RYAN,C,18,RYAN CARTER,17.0,4.0,2.0,11.0,6.0,6.0,4.0,1.0,12.0,12.0,0.0,5.0
STROME,RYAN,C,18,RYAN STROME,35.0,11.0,8.0,16.0,15.0,7.0,12.0,1.0,31.0,33.0,2.0,0.0
MATTHIAS,SHAWN,C,18,SHAWN MATTHIAS,34.0,11.0,5.0,18.0,12.0,11.0,11.0,0.0,24.0,26.0,1.0,7.0
STAAL,MARC,D,18,MARC STAAL,20.0,2.0,1.0,17.0,8.0,6.0,6.0,0.0,17.0,17.0,0.0,3.0
NEAL,JAMES,L,18,JAMES NEAL,49.0,25.0,11.0,13.0,21.0,14.0,12.0,2.0,44.0,47.0,2.0,0.0
MICHALEK,MILAN,L,18,MILAN MICHALEK,25.0,14.0,5.0,6.0,13.0,5.0,7.0,0.0,22.0,22.0,1.0,2.0
PALAT,ONDREJ,L,18,ONDREJ PALAT,32.0,13.0,8.0,11.0,9.0,10.0,13.0,0.0,25.0,27.0,2.0,3.0
VIRTANEN,JAKE,R,18,JAKE VIRTANEN,22.0,13.0,5.0,4.0,12.0,7.0,2.0,1.0,20.0,21.0,1.0,0.0
EAVES,PATRICK,R,18,PATRICK EAVES,16.0,3.0,7.0,6.0,5.0,5.0,6.0,0.0,16.0,16.0,0.0,0.0
SMITH,REILLY,R,18,REILLY SMITH,51.0,15.0,22.0,14.0,17.0,20.0,14.0,0.0,37.0,37.0,1.0,13.0
BOURQUE,RENE,R,18,RENE BOURQUE,16.0,9.0,2.0,5.0,6.0,3.0,7.0,0.0,16.0,16.0,0.0,0.0
JACKMAN,TIM,R,18,TIM JACKMAN,0.0,0.0,0.0,0.0,0.0,0.0,0.0,0.0,0.0,0.0,0.0,0.0
RATTIE,TY,R,18,TY RATTIE,2.0,0.0,1.0,1.0,0.0,1.0,1.0,0.0,2.0,2.0,0.0,0.0
O'REILLY,CAL,C,19,CAL O'REILLY,2.0,1.0,0.0,1.0,0.0,2.0,0.0,0.0,2.0,2.0,0.0,0.0
JARNKROK,CALLE,C,19,CALLE JARNKROK,32.0,13.0,5.0,14.0,17.0,7.0,8.0,0.0,24.0,26.0,0.0,6.0
STOLL,JARRET,C,19,JARRET STOLL,8.0,1.0,2.0,5.0,1.0,3.0,4.0,0.0,3.0,4.0,0.0,4.0
THORNTON,JOE,C,19,JOE THORNTON,69.0,40.0,8.0,21.0,17.0,22.0,30.0,0.0,65.0,68.0,1.0,0.0
TOEWS,JONATHAN,C,19,JONATHAN TOEWS,57.0,25.0,16.0,16.0,24.0,17.0,14.0,2.0,39.0,44.0,2.0,11.0
WEAL,JORDAN,C,19,JORDAN WEAL,5.0,1.0,1.0,3.0,0.0,4.0,1.0,0.0,5.0,5.0,0.0,0.0
PETAN,NIC,C,19,NIC PETAN,11.0,7.0,0.0,4.0,4.0,4.0,3.0,0.0,11.0,11.0,0.0,0.0
BACKSTROM,NICKLAS,C,19,NICKLAS BACKSTROM,42.0,18.0,12.0,12.0,16.0,11.0,15.0,0.0,35.0,39.0,2.0,1.0
JOHANSEN,RYAN,C,19,RYAN JOHANSEN,38.0,18.0,11.0,9.0,11.0,10.0,16.0,1.0,35.0,38.0,0.0,0.0
ZAJAC,TRAVIS,C,19,TRAVIS ZAJAC,49.0,20.0,10.0,19.0,11.0,21.0,16.0,1.0,31.0,35.0,5.0,9.0
BOUWMEESTER,JAY,D,19,JAY BOUWMEESTER,11.0,1.0,0.0,10.0,4.0,4.0,3.0,0.0,7.0,7.0,0.0,4.0
SCHULTZ,JUSTIN,D,19,JUSTIN SCHULTZ,21.0,2.0,2.0,17.0,4.0,8.0,8.0,1.0,16.0,17.0,3.0,1.0
MAROON,PATRICK,L,19,PATRICK MAROON,10.0,4.0,2.0,4.0,4.0,3.0,3.0,0.0,10.0,10.0,0.0,0.0
BENNETT,BEAU,R,19,BEAU BENNETT,5.0,2.0,1.0,2.0,1.0,0.0,4.0,0.0,5.0,5.0,0.0,0.0
FAST,JESPER,R,19,JESPER FAST,35.0,15.0,9.0,11.0,11.0,14.0,10.0,0.0,27.0,27.0,1.0,7.0
LUPUL,JOFFREY,R,19,JOFFREY LUPUL,12.0,7.0,1.0,4.0,4.0,4.0,4.0,0.0,12.0,12.0,0.0,0.0
DOAN,SHANE,R,19,SHANE DOAN,33.0,17.0,7.0,9.0,13.0,12.0,8.0,0.0,23.0,24.0,3.0,6.0
CLENDENING,ADAM,D,2,ADAM CLENDENING,5.0,0.0,0.0,5.0,3.0,1.0,1.0,0.0,5.0,5.0,0.0,0.0
PARDY,ADAM,D,2,ADAM PARDY,6.0,1.0,1.0,4.0,1.0,3.0,2.0,0.0,4.0,4.0,0.0,2.0
SEKERA,ANDREJ,D,2,ANDREJ SEKERA,37.0,4.0,3.0,30.0,8.0,12.0,16.0,1.0,25.0,29.0,3.0,5.0
BODNARCHUK,ANDREW,D,2,ANDREW BODNARCHUK,2.0,0.0,1.0,1.0,2.0,0.0,0.0,0.0,2.0,2.0,0.0,0.0
BITETTO,ANTHONY,D,2,ANTHONY BITETTO,2.0,0.0,0.0,2.0,0.0,1.0,1.0,0.0,2.0,2.0,0.0,0.0
SMITH,BRENDAN,D,2,BRENDAN SMITH,10.0,1.0,3.0,6.0,4.0,3.0,3.0,0.0,9.0,10.0,0.0,0.0
HAMHUIS,DAN,D,2,DAN HAMHUIS,24.0,2.0,5.0,17.0,8.0,6.0,10.0,0.0,20.0,21.0,0.0,3.0
PHANEUF,DION,D,2,DION PHANEUF,19.0,3.0,5.0,11.0,6.0,4.0,8.0,1.0,16.0,17.0,1.0,1.0
KEITH,DUNCAN,D,2,DUNCAN KEITH,22.0,5.0,3.0,14.0,10.0,5.0,6.0,1.0,17.0,19.0,2.0,1.0
COWEN,JARED,D,2,JARED COWEN,7.0,0.0,1.0,6.0,3.0,1.0,3.0,0.0,7.0,7.0,0.0,0.0
MOORE,JOHN,D,2,JOHN MOORE,23.0,2.0,3.0,18.0,9.0,5.0,9.0,0.0,15.0,16.0,3.0,4.0
JOKIPAKKA,JYRKI,D,2,JYRKI JOKIPAKKA,14.0,1.0,3.0,10.0,5.0,6.0,3.0,0.0,13.0,13.0,0.0,1.0
BIEKSA,KEVIN,D,2,KEVIN BIEKSA,13.0,4.0,1.0,8.0,6.0,3.0,4.0,0.0,12.0,12.0,1.0,0.0
RUSSELL,KRIS,D,2,KRIS RUSSELL,23.0,5.0,2.0,16.0,10.0,7.0,6.0,0.0,19.0,20.0,1.0,2.0
GREENE,MATT,D,2,MATT GREENE,0.0,0.0,0.0,0.0,0.0,0.0,0.0,0.0,0.0,0.0,0.0,0.0
HUNWICK,MATT,D,2,MATT HUNWICK,24.0,3.0,3.0,18.0,8.0,6.0,8.0,2.0,18.0,20.0,0.0,4.0
NISKANEN,MATT,D,2,MATT NISKANEN,34.0,13.0,2.0,19.0,15.0,10.0,9.0,0.0,23.0,23.0,9.0,2.0
HOLDEN,NICK,D,2,NICK HOLDEN,21.0,2.0,0.0,19.0,11.0,6.0,4.0,0.0,17.0,17.0,0.0,4.0
LEDDY,NICK,D,2,NICK LEDDY,40.0,7.0,3.0,30.0,13.0,17.0,10.0,0.0,34.0,35.0,3.0,2.0
GROSSMANN,NICKLAS,D,2,NICKLAS GROSSMANN,3.0,0.0,1.0,2.0,1.0,1.0,1.0,0.0,2.0,2.0,0.0,1.0
KREIDER,CHRIS,C,20,CHRIS KREIDER,23.0,11.0,5.0,7.0,10.0,4.0,9.0,0.0,22.0,23.0,0.0,0.0
EAKIN,CODY,C,20,CODY EAKIN,42.0,13.0,11.0,18.0,8.0,12.0,21.0,1.0,34.0,36.0,1.0,5.0
UMBERGER,R.J.,C,20,R.J. UMBERGER,4.0,2.0,2.0,0.0,1.0,1.0,2.0,0.0,4.0,4.0,0.0,0.0
NASH,RILEY,C,20,RILEY NASH,47.0,16.0,9.0,22.0,23.0,12.0,12.0,0.0,41.0,41.0,2.0,4.0
CORRADO,FRANK,D,20,FRANK CORRADO,2.0,1.0,0.0,1.0,1.0,1.0,0.0,0.0,2.0,2.0,0.0,0.0
TAORMINA,MATT,D,20,MATT TAORMINA,0.0,0.0,0.0,0.0,0.0,0.0,0.0,0.0,0.0,0.0,0.0,0.0
STANTON,RYAN,D,20,RYAN STANTON,0.0,0.0,0.0,0.0,0.0,0.0,0.0,0.0,0.0,0.0,0.0,0.0
SUTER,RYAN,D,20,RYAN SUTER,36.0,4.0,7.0,25.0,14.0,11.0,11.0,0.0,27.0,29.0,2.0,5.0
BARTLEY,VICTOR,D,20,VICTOR BARTLEY,0.0,0.0,0.0,0.0,0.0,0.0,0.0,0.0,0.0,0.0,0.0,0.0
BERRA,RETO,G,20,RETO BERRA,0.0,0.0,0.0,0.0,0.0,0.0,0.0,0.0,0.0,0.0,0.0,0.0
STEEN,ALEXANDER,L,20,ALEXANDER STEEN,36.0,13.0,6.0,17.0,11.0,10.0,13.0,2.0,28.0,32.0,2.0,2.0
SAAD,BRANDON,L,20,BRANDON SAAD,33.0,14.0,6.0,13.0,8.0,10.0,11.0,4.0,23.0,28.0,2.0,3.0
HIGGINS,CHRIS,L,20,CHRIS HIGGINS,7.0,4.0,2.0,1.0,1.0,5.0,1.0,0.0,5.0,5.0,0.0,2.0
THOMAS,CHRISTIAN,L,20,CHRISTIAN THOMAS,1.0,1.0,0.0,0.0,0.0,1.0,0.0,0.0,1.0,1.0,0.0,0.0
MILLER,DREW,L,20,DREW MILLER,8.0,3.0,4.0,1.0,2.0,3.0,3.0,0.0,7.0,7.0,0.0,1.0
GAZDIC,LUKE,L,20,LUKE GAZDIC,2.0,1.0,1.0,0.0,1.0,0.0,1.0,0.0,2.0,2.0,0.0,0.0
STEMPNIAK,LEE,R,20,LEE STEMPNIAK,31.0,13.0,7.0,11.0,9.0,11.0,9.0,2.0,24.0,28.0,1.0,2.0
SALOMAKI,MIIKKA,R,20,MIIKKA SALOMAKI,17.0,3.0,5.0,9.0,8.0,5.0,4.0,0.0,14.0,14.0,0.0,3.0
SUTTER,BRANDON,C,21,BRANDON SUTTER,4.0,1.0,1.0,2.0,2.0,0.0,1.0,1.0,2.0,3.0,0.0,1.0
LAICH,BROOKS,C,21,BROOKS LAICH,29.0,18.0,6.0,5.0,16.0,5.0,8.0,0.0,25.0,25.0,0.0,4.0
STEPAN,DEREK,C,21,DEREK STEPAN,62.0,23.0,16.0,23.0,18.0,19.0,23.0,2.0,44.0,47.0,4.0,11.0
PALMIERI,KYLE,C,21,KYLE PALMIERI,43.0,16.0,14.0,13.0,11.0,15.0,16.0,1.0,37.0,40.0,3.0,0.0
SHORE,NICK,C,21,NICK SHORE,13.0,5.0,4.0,4.0,5.0,3.0,5.0,0.0,10.0,10.0,1.0,2.0
BERGLUND,PATRIK,C,21,PATRIK BERGLUND,22.0,17.0,3.0,2.0,6.0,11.0,5.0,0.0,20.0,21.0,0.0,1.0
MATTEAU,STEFAN,C,21,STEFAN MATTEAU,2.0,2.0,0.0,0.0,1.0,1.0,0.0,0.0,2.0,2.0,0.0,0.0
TATAR,TOMAS,C,21,TOMAS TATAR,30.0,16.0,3.0,11.0,9.0,8.0,12.0,1.0,27.0,30.0,0.0,0.0
TROCHECK,VINCENT,C,21,VINCENT TROCHECK,43.0,16.0,13.0,14.0,12.0,17.0,13.0,1.0,38.0,40.0,1.0,2.0
FERENCE,ANDREW,D,21,ANDREW FERENCE,0.0,0.0,0.0,0.0,0.0,0.0,0.0,0.0,0.0,0.0,0.0,0.0
POTTER,COREY,D,21,COREY POTTER,0.0,0.0,0.0,0.0,0.0,0.0,0.0,0.0,0.0,0.0,0.0,0.0
WISNIEWSKI,JAMES,D,21,JAMES WISNIEWSKI,0.0,0.0,0.0,0.0,0.0,0.0,0.0,0.0,0.0,0.0,0.0,0.0
KOSTKA,MICHAEL,D,21,MICHAEL KOSTKA,0.0,0.0,0.0,0.0,0.0,0.0,0.0,0.0,0.0,0.0,0.0,0.0
ROUSSEL,ANTOINE,L,21,ANTOINE ROUSSEL,30.0,15.0,7.0,8.0,9.0,10.0,11.0,0.0,25.0,25.0,0.0,5.0
VAN RIEMSDYK,JAMES,L,21,JAMES VAN RIEMSDYK,29.0,11.0,9.0,9.0,9.0,13.0,7.0,0.0,28.0,28.0,1.0,0.0
RYCHEL,KERBY,L,21,KERBY RYCHEL,9.0,6.0,1.0,2.0,2.0,5.0,2.0,0.0,9.0,9.0,0.0,0.0
ERIKSSON,LOUI,L,21,LOUI ERIKSSON,48.0,14.0,14.0,20.0,9.0,21.0,17.0,1.0,37.0,43.0,0.0,5.0
RAYMOND,MASON,L,21,MASON RAYMOND,8.0,4.0,2.0,2.0,3.0,4.0,1.0,0.0,8.0,8.0,0.0,0.0
LAUGHTON,SCOTT,L,21,SCOTT LAUGHTON,23.0,12.0,6.0,5.0,7.0,9.0,7.0,0.0,22.0,22.0,0.0,1.0
SMITH,BEN,R,21,BEN SMITH,8.0,4.0,2.0,2.0,6.0,2.0,0.0,0.0,7.0,7.0,0.0,1.0
SMITH-PELLY,DEVANTE,R,21,DEVANTE SMITH-PELLY,7.0,3.0,2.0,2.0,2.0,2.0,3.0,0.0,7.0,7.0,0.0,0.0
OKPOSO,KYLE,R,21,KYLE OKPOSO,42.0,17.0,8.0,17.0,15.0,17.0,10.0,0.0,36.0,38.0,4.0,0.0
SCEVIOUR,COLTON,C,22,COLTON SCEVIOUR,30.0,15.0,9.0,6.0,9.0,9.0,12.0,0.0,25.0,25.0,0.0,5.0
SHORE,DREW,C,22,DREW SHORE,1.0,0.0,1.0,0.0,0.0,0.0,1.0,0.0,1.0,1.0,0.0,0.0
VARONE,PHIL,C,22,PHIL VARONE,1.0,0.0,0.0,1.0,0.0,1.0,0.0,0.0,1.0,1.0,0.0,0.0
HORCOFF,SHAWN,C,22,SHAWN HORCOFF,12.0,3.0,1.0,8.0,5.0,3.0,4.0,0.0,8.0,10.0,0.0,2.0
LEWIS,TREVOR,C,22,TREVOR LEWIS,17.0,9.0,2.0,6.0,4.0,9.0,4.0,0.0,13.0,13.0,0.0,4.0
BOYLE,DAN,D,22,DAN BOYLE,19.0,5.0,2.0,12.0,10.0,4.0,4.0,1.0,17.0,18.0,1.0,0.0
SHATTENKIRK,KEVIN,D,22,KEVIN SHATTENKIRK,37.0,1.0,11.0,25.0,7.0,14.0,15.0,1.0,29.0,31.0,0.0,6.0
SCHENN,LUKE,D,22,LUKE SCHENN,11.0,0.0,1.0,10.0,7.0,4.0,0.0,0.0,10.0,10.0,1.0,0.0
REDMOND,ZACH,D,22,ZACH REDMOND,6.0,0.0,0.0,6.0,2.0,1.0,3.0,0.0,5.0,5.0,0.0,1.0
CUNNINGHAM,CRAIG,L,22,CRAIG CUNNINGHAM,2.0,0.0,1.0,1.0,1.0,0.0,1.0,0.0,2.0,2.0,0.0,0.0
SEDIN,DANIEL,L,22,DANIEL SEDIN,24.0,11.0,7.0,6.0,10.0,9.0,5.0,0.0,21.0,21.0,1.0,2.0
LARSSON,JOHAN,L,22,JOHAN LARSSON,21.0,13.0,6.0,2.0,5.0,9.0,5.0,2.0,19.0,21.0,0.0,0.0
SCOTT,JOHN,L,22,JOHN SCOTT,1.0,0.0,0.0,1.0,1.0,0.0,0.0,0.0,1.0,1.0,0.0,0.0
MOUILLIERAT,KAEL,L,22,KAEL MOUILLIERAT,1.0,1.0,0.0,0.0,0.0,1.0,0.0,0.0,1.0,1.0,0.0,0.0
THORNTON,SHAWN,L,22,SHAWN THORNTON,9.0,2.0,0.0,7.0,4.0,2.0,3.0,0.0,9.0,9.0,0.0,0.0
MILANO,SONNY,L,22,SONNY MILANO,1.0,0.0,1.0,0.0,0.0,0.0,1.0,0.0,1.0,1.0,0.0,0.0
CRACKNELL,ADAM,R,22,ADAM CRACKNELL,23.0,8.0,5.0,10.0,10.0,2.0,11.0,0.0,23.0,23.0,0.0,0.0
THORBURN,CHRIS,R,22,CHRIS THORBURN,11.0,8.0,1.0,2.0,5.0,3.0,3.0,0.0,9.0,9.0,0.0,2.0
WEISE,DALE,R,22,DALE WEISE,18.0,11.0,3.0,4.0,4.0,5.0,9.0,0.0,17.0,17.0,0.0,1.0
CONDRA,ERIK,R,22,ERIK CONDRA,15.0,5.0,4.0,6.0,5.0,4.0,6.0,0.0,10.0,10.0,0.0,5.0
TOOTOO,JORDIN,R,22,JORDIN TOOTOO,17.0,8.0,5.0,4.0,8.0,6.0,3.0,0.0,17.0,17.0,0.0,0.0
NIEDERREITER,NINO,R,22,NINO NIEDERREITER,35.0,18.0,10.0,7.0,13.0,8.0,13.0,1.0,31.0,33.0,2.0,0.0
KELLY,CHRIS,C,23,CHRIS KELLY,2.0,0.0,1.0,1.0,1.0,0.0,1.0,0.0,1.0,1.0,0.0,1.0
MEGNA,JAYSON,C,23,JAYSON MEGNA,1.0,0.0,0.0,1.0,0.0,1.0,0.0,0.0,1.0,1.0,0.0,0.0
HENDRICKS,MATT,C,23,MATT HENDRICKS,14.0,3.0,2.0,9.0,3.0,8.0,3.0,0.0,9.0,9.0,0.0,5.0
GRIMALDI,ROCCO,C,23,ROCCO GRIMALDI,10.0,4.0,3.0,3.0,6.0,2.0,2.0,0.0,10.0,10.0,0.0,0.0
REINHART,SAM,C,23,SAM REINHART,19.0,10.0,3.0,6.0,4.0,5.0,9.0,1.0,18.0,19.0,0.0,0.0
GOMEZ,SCOTT,C,23,SCOTT GOMEZ,6.0,3.0,0.0,3.0,0.0,3.0,3.0,0.0,5.0,6.0,0.0,0.0
WILSON,SCOTT,C,23,SCOTT WILSON,5.0,2.0,2.0,1.0,2.0,2.0,1.0,0.0,5.0,5.0,0.0,0.0
MONAHAN,SEAN,C,23,SEAN MONAHAN,55.0,14.0,20.0,21.0,18.0,20.0,16.0,1.0,52.0,54.0,0.0,1.0
SILL,ZACH,C,23,ZACH SILL,4.0,3.0,0.0,1.0,1.0,0.0,3.0,0.0,4.0,4.0,0.0,0.0
EDLER,ALEXANDER,D,23,ALEXANDER EDLER,15.0,1.0,2.0,12.0,4.0,5.0,6.0,0.0,13.0,13.0,1.0,1.0
MANNING,BRANDON,D,23,BRANDON MANNING,7.0,1.0,1.0,5.0,0.0,3.0,4.0,0.0,7.0,7.0,0.0,0.0
LINDELL,ESA,D,23,ESA LINDELL,0.0,0.0,0.0,0.0,0.0,0.0,0.0,0.0,0.0,0.0,0.0,0.0
OLOFSSON,GUSTAV,D,23,GUSTAV OLOFSSON,0.0,0.0,0.0,0.0,0.0,0.0,0.0,0.0,0.0,0.0,0.0,0.0
EKMAN-LARSSON,OLIVER,D,23,OLIVER EKMAN-LARSSON,40.0,4.0,5.0,31.0,10.0,17.0,13.0,0.0,35.0,36.0,2.0,2.0
MCGINN,BROCK,L,23,BROCK MCGINN,4.0,3.0,1.0,0.0,0.0,3.0,1.0,0.0,4.0,4.0,0.0,0.0
BROWN,DUSTIN,L,23,DUSTIN BROWN,40.0,20.0,8.0,12.0,11.0,18.0,10.0,1.0,33.0,34.0,0.0,6.0
FARNHAM,BOBBY,R,23,BOBBY FARNHAM,11.0,4.0,3.0,4.0,3.0,3.0,5.0,0.0,11.0,11.0,0.0,0.0
CLARKSON,DAVID,R,23,DAVID CLARKSON,5.0,4.0,0.0,1.0,3.0,2.0,0.0,0.0,5.0,5.0,0.0,0.0
JASKIN,DMITRIJ,R,23,DMITRIJ JASKIN,21.0,7.0,8.0,6.0,5.0,7.0,9.0,0.0,21.0,21.0,0.0,0.0
BROWN,J.T.,R,23,J.T. BROWN,21.0,9.0,5.0,7.0,5.0,7.0,9.0,0.0,18.0,19.0,1.0,1.0
MALONE,BRAD,C,24,BRAD MALONE,4.0,1.0,2.0,1.0,0.0,2.0,2.0,0.0,2.0,2.0,0.0,2.0
CHIPCHURA,KYLE,C,24,KYLE CHIPCHURA,25.0,8.0,8.0,9.0,8.0,8.0,9.0,0.0,22.0,23.0,0.0,2.0
LINDBERG,OSCAR,C,24,OSCAR LINDBERG,16.0,5.0,5.0,6.0,4.0,9.0,3.0,0.0,13.0,13.0,2.0,1.0
HOLLAND,PETER,C,24,PETER HOLLAND,34.0,11.0,10.0,13.0,14.0,11.0,8.0,1.0,23.0,26.0,6.0,2.0
HUNT,BRAD,D,24,BRAD HUNT,2.0,0.0,0.0,2.0,1.0,0.0,1.0,0.0,2.0,2.0,0.0,0.0
TINORDI,JARRED,D,24,JARRED TINORDI,1.0,1.0,0.0,0.0,0.0,0.0,1.0,0.0,1.0,1.0,0.0,0.0
BENN,JORDIE,D,24,JORDIE BENN,12.0,0.0,2.0,10.0,5.0,5.0,2.0,0.0,10.0,10.0,1.0,1.0
DUMBA,MATT,D,24,MATT DUMBA,13.0,1.0,1.0,11.0,4.0,6.0,3.0,0.0,13.0,13.0,0.0,0.0
DESPRES,SIMON,D,24,SIMON DESPRES,11.0,1.0,2.0,8.0,3.0,4.0,4.0,0.0,9.0,10.0,0.0,1.0
NYSTROM,ERIC,L,24,ERIC NYSTROM,6.0,1.0,2.0,3.0,2.0,2.0,2.0,0.0,5.0,5.0,0.0,1.0
DANAULT,PHILLIP,L,24,PHILLIP DANAULT,18.0,5.0,3.0,10.0,10.0,4.0,4.0,0.0,16.0,16.0,0.0,2.0
HUDLER,JIRI,R,24,JIRI HUDLER,23.0,16.0,7.0,0.0,10.0,5.0,7.0,1.0,19.0,21.0,2.0,0.0
READ,MATT,R,24,MATT READ,34.0,12.0,12.0,10.0,11.0,12.0,9.0,2.0,23.0,26.0,0.0,8.0
CALLAHAN,RYAN,R,24,RYAN CALLAHAN,34.0,16.0,10.0,8.0,9.0,13.0,12.0,0.0,26.0,26.0,0.0,8.0
HAMILTON,FREDDIE,C,25,FREDDIE HAMILTON,1.0,1.0,0.0,0.0,0.0,0.0,1.0,0.0,1.0,1.0,0.0,0.0
TALBOT,MAX,C,25,MAX TALBOT,9.0,2.0,2.0,5.0,2.0,4.0,3.0,0.0,8.0,8.0,0.0,1.0
SANTORELLI,MIKE,C,25,MIKE SANTORELLI,5.0,0.0,2.0,3.0,3.0,1.0,1.0,0.0,5.0,5.0,0.0,0.0
GRIGORENKO,MIKHAIL,C,25,MIKHAIL GRIGORENKO,21.0,10.0,3.0,8.0,9.0,7.0,5.0,0.0,18.0,18.0,1.0,2.0
WHITE,RYAN,C,25,RYAN WHITE,14.0,8.0,3.0,3.0,4.0,4.0,6.0,0.0,14.0,14.0,0.0,0.0
KARLSSON,WILLIAM,C,25,WILLIAM KARLSSON,42.0,12.0,10.0,20.0,12.0,16.0,14.0,0.0,32.0,32.0,0.0,10.0
COLAIACOVO,CARLO,D,25,CARLO COLAIACOVO,3.0,0.0,0.0,3.0,2.0,0.0,1.0,0.0,3.0,3.0,0.0,0.0
BUTLER,CHRIS,D,25,CHRIS BUTLER,0.0,0.0,0.0,0.0,0.0,0.0,0.0,0.0,0.0,0.0,0.0,0.0
NURSE,DARNELL,D,25,DARNELL NURSE,13.0,1.0,0.0,12.0,5.0,6.0,2.0,0.0,10.0,11.0,0.0,2.0
BRODIN,JONAS,D,25,JONAS BRODIN,27.0,1.0,3.0,23.0,9.0,5.0,13.0,0.0,19.0,19.0,1.0,7.0
CARLE,MATTHEW,D,25,MATTHEW CARLE,9.0,1.0,3.0,5.0,1.0,6.0,2.0,0.0,8.0,8.0,0.0,1.0
GREEN,MIKE,D,25,MIKE GREEN,18.0,8.0,1.0,9.0,5.0,5.0,7.0,1.0,14.0,15.0,2.0,1.0
SAMUELSSON,PHILIP,D,25,PHILIP SAMUELSSON,1.0,0.0,0.0,1.0,1.0,0.0,0.0,0.0,1.0,1.0,0.0,0.0
MARKSTROM,JACOB,G,25,JACOB MARKSTROM,0.0,0.0,0.0,0.0,0.0,0.0,0.0,0.0,0.0,0.0,0.0,0.0
TERRY,CHRIS,L,25,CHRIS TERRY,21.0,8.0,8.0,5.0,11.0,5.0,5.0,0.0,21.0,21.0,0.0,0.0
DE LA ROSE,JACOB,L,25,JACOB DE LA ROSE,6.0,1.0,1.0,4.0,2.0,3.0,1.0,0.0,6.0,6.0,0.0,0.0
CHIMERA,JASON,L,25,JASON CHIMERA,15.0,14.0,0.0,1.0,6.0,6.0,3.0,0.0,12.0,13.0,0.0,2.0
CLUNE,RICH,L,25,RICH CLUNE,2.0,1.0,1.0,0.0,1.0,1.0,0.0,0.0,2.0,2.0,0.0,0.0
STALBERG,VIKTOR,L,25,VIKTOR STALBERG,29.0,7.0,9.0,13.0,12.0,11.0,6.0,0.0,20.0,20.0,0.0,9.0
RITCHIE,BRETT,R,25,BRETT RITCHIE,2.0,2.0,0.0,0.0,1.0,1.0,0.0,0.0,2.0,2.0,0.0,0.0
NEIL,CHRIS,R,25,CHRIS NEIL,11.0,5.0,4.0,2.0,6.0,3.0,2.0,0.0,11.0,11.0,0.0,0.0
WINNIK,DANIEL,C,26,DANIEL WINNIK,35.0,18.0,4.0,13.0,12.0,12.0,11.0,0.0,29.0,30.0,0.0,5.0
STASTNY,PAUL,C,26,PAUL STASTNY,20.0,8.0,6.0,6.0,6.0,5.0,8.0,1.0,18.0,19.0,0.0,1.0
PETRY,JEFF,D,26,JEFF PETRY,16.0,2.0,1.0,13.0,6.0,5.0,4.0,1.0,11.0,11.0,1.0,4.0
LILES,JOHN-MICHAEL,D,26,JOHN-MICHAEL LILES,26.0,8.0,5.0,13.0,11.0,9.0,5.0,1.0,14.0,17.0,5.0,4.0
STONE,MICHAEL,D,26,MICHAEL STONE,15.0,2.0,6.0,7.0,5.0,3.0,6.0,1.0,13.0,15.0,0.0,0.0
WOTHERSPOON,TYLER,D,26,TYLER WOTHERSPOON,1.0,0.0,1.0,0.0,0.0,1.0,0.0,0.0,1.0,1.0,0.0,0.0
HAGELIN,CARL,L,26,CARL HAGELIN,30.0,16.0,4.0,10.0,12.0,11.0,7.0,0.0,21.0,22.0,0.0,8.0
MOULSON,MATT,L,26,MATT MOULSON,18.0,8.0,6.0,4.0,12.0,3.0,3.0,0.0,18.0,18.0,0.0,0.0
PUEMPEL,MATT,L,26,MATT PUEMPEL,6.0,2.0,3.0,1.0,2.0,2.0,2.0,0.0,6.0,6.0,0.0,0.0
ELIAS,PATRIK,L,26,PATRIK ELIAS,5.0,4.0,0.0,1.0,1.0,1.0,3.0,0.0,4.0,4.0,0.0,1.0
VANEK,THOMAS,L,26,THOMAS VANEK,22.0,11.0,3.0,8.0,6.0,12.0,4.0,0.0,19.0,20.0,2.0,0.0
WHEELER,BLAKE,R,26,BLAKE WHEELER,38.0,19.0,11.0,8.0,17.0,13.0,8.0,0.0,31.0,31.0,3.0,4.0
ETEM,EMERSON,R,26,EMERSON ETEM,20.0,12.0,3.0,5.0,7.0,6.0,7.0,0.0,19.0,19.0,1.0,0.0
PAKARINEN,IIRO,R,26,IIRO PAKARINEN,10.0,5.0,2.0,3.0,6.0,0.0,4.0,0.0,8.0,9.0,0.0,1.0
JURCO,TOMAS,R,26,TOMAS JURCO,6.0,2.0,4.0,0.0,0.0,2.0,4.0,0.0,6.0,6.0,0.0,0.0
GALCHENYUK,ALEX,C,27,ALEX GALCHENYUK,31.0,22.0,2.0,7.0,10.0,14.0,6.0,1.0,28.0,29.0,2.0,0.0
LEE,ANDERS,C,27,ANDERS LEE,32.0,21.0,3.0,8.0,15.0,7.0,10.0,0.0,31.0,31.0,0.0,1.0
LAZAR,CURTIS,C,27,CURTIS LAZAR,24.0,5.0,11.0,8.0,10.0,7.0,7.0,0.0,18.0,19.0,1.0,4.0
BJUGSTAD,NICK,C,27,NICK BJUGSTAD,25.0,10.0,8.0,7.0,9.0,8.0,5.0,3.0,18.0,23.0,1.0,1.0
DALPE,ZAC,C,27,ZAC DALPE,0.0,0.0,0.0,0.0,0.0,0.0,0.0,0.0,0.0,0.0,0.0,0.0
MARTINEZ,ALEC,D,27,ALEC MARTINEZ,8.0,2.0,0.0,6.0,4.0,2.0,2.0,0.0,4.0,4.0,1.0,3.0
PIETRANGELO,ALEX,D,27,ALEX PIETRANGELO,41.0,9.0,6.0,26.0,10.0,16.0,14.0,1.0,30.0,31.0,4.0,6.0
HUTTON,BEN,D,27,BEN HUTTON,30.0,0.0,6.0,24.0,9.0,11.0,10.0,0.0,25.0,25.0,0.0,5.0
HAMILTON,DOUGIE,D,27,DOUGIE HAMILTON,15.0,2.0,0.0,13.0,2.0,4.0,9.0,0.0,14.0,15.0,0.0,0.0
FAULK,JUSTIN,D,27,JUSTIN FAULK,45.0,13.0,13.0,19.0,12.0,19.0,14.0,0.0,35.0,39.0,3.0,3.0
ALZNER,KARL,D,27,KARL ALZNER,24.0,6.0,7.0,11.0,10.0,6.0,8.0,0.0,22.0,22.0,0.0,2.0
QUINCEY,KYLE,D,27,KYLE QUINCEY,8.0,0.0,2.0,6.0,4.0,2.0,2.0,0.0,1.0,2.0,0.0,6.0
MCDONAGH,RYAN,D,27,RYAN MCDONAGH,31.0,7.0,5.0,19.0,9.0,11.0,11.0,0.0,26.0,26.0,1.0,4.0
MURRAY,RYAN,D,27,RYAN MURRAY,17.0,4.0,2.0,11.0,9.0,5.0,3.0,0.0,12.0,12.0,5.0,0.0
MARTINSEN,ANDREAS,L,27,ANDREAS MARTINSEN,11.0,5.0,1.0,5.0,5.0,5.0,1.0,0.0,11.0,11.0,0.0,0.0
DROUIN,JONATHAN,L,27,JONATHAN DROUIN,8.0,1.0,2.0,5.0,1.0,2.0,4.0,1.0,6.0,8.0,0.0,0.0
EHLERS,NIKOLAJ,L,27,NIKOLAJ EHLERS,20.0,11.0,5.0,4.0,6.0,7.0,7.0,0.0,20.0,20.0,0.0,0.0
MOEN,TRAVIS,L,27,TRAVIS MOEN,4.0,0.0,0.0,4.0,2.0,2.0,0.0,0.0,3.0,3.0,0.0,1.0
DONSKOI,JOONAS,R,27,JOONAS DONSKOI,33.0,13.0,14.0,6.0,14.0,10.0,5.0,4.0,29.0,33.0,0.0,0.0
MOORE,DOMINIC,C,28,DOMINIC MOORE,24.0,7.0,7.0,10.0,8.0,8.0,8.0,0.0,16.0,17.0,0.0,7.0
BRODZIAK,KYLE,C,28,KYLE BRODZIAK,18.0,9.0,4.0,5.0,5.0,7.0,6.0,0.0,14.0,14.0,0.0,4.0
CORMIER,PATRICE,C,28,PATRICE CORMIER,0.0,0.0,0.0,0.0,0.0,0.0,0.0,0.0,0.0,0.0,0.0,0.0
CAREY,PAUL,C,28,PAUL CAREY,0.0,0.0,0.0,0.0,0.0,0.0,0.0,0.0,0.0,0.0,0.0,0.0
GAUSTAD,PAUL,C,28,PAUL GAUSTAD,14.0,2.0,5.0,7.0,6.0,4.0,4.0,0.0,9.0,9.0,0.0,5.0
GIRGENSONS,ZEMGUS,C,28,ZEMGUS GIRGENSONS,16.0,4.0,6.0,6.0,2.0,10.0,4.0,0.0,13.0,13.0,0.0,3.0
SEVERSON,DAMON,D,28,DAMON SEVERSON,16.0,1.0,1.0,14.0,3.0,7.0,3.0,3.0,10.0,14.0,2.0,0.0
COLE,IAN,D,28,IAN COLE,8.0,0.0,1.0,7.0,5.0,1.0,2.0,0.0,8.0,8.0,0.0,0.0
ZIDLICKY,MAREK,D,28,MAREK ZIDLICKY,5.0,2.0,0.0,3.0,2.0,1.0,2.0,0.0,5.0,5.0,0.0,0.0
BEAULIEU,NATHAN,D,28,NATHAN BEAULIEU,17.0,2.0,5.0,10.0,6.0,7.0,4.0,0.0,13.0,15.0,0.0,2.0
JOHNS,STEPHEN,D,28,STEPHEN JOHNS,6.0,0.0,0.0,6.0,4.0,2.0,0.0,0.0,5.0,6.0,0.0,0.0
STRACHAN,TYSON,D,28,TYSON STRACHAN,0.0,0.0,0.0,0.0,0.0,0.0,0.0,0.0,0.0,0.0,0.0,0.0
AGOZZINO,ANDREW,L,28,ANDREW AGOZZINO,0.0,0.0,0.0,0.0,0.0,0.0,0.0,0.0,0.0,0.0,0.0,0.0
WILSON,GARRETT,L,28,GARRETT WILSON,2.0,2.0,0.0,0.0,1.0,1.0,0.0,0.0,2.0,2.0,0.0,0.0
KORPIKOSKI,LAURI,L,28,LAURI KORPIKOSKI,19.0,8.0,2.0,9.0,6.0,3.0,10.0,0.0,11.0,11.0,1.0,7.0
BOYES,BRAD,R,28,BRAD BOYES,25.0,16.0,4.0,5.0,6.0,7.0,12.0,0.0,21.0,22.0,3.0,0.0
GIROUX,CLAUDE,R,28,CLAUDE GIROUX,41.0,17.0,10.0,14.0,16.0,10.0,14.0,1.0,29.0,34.0,1.0,6.0
POIRIER,EMILE,R,28,EMILE POIRIER,1.0,0.0,0.0,1.0,1.0,0.0,0.0,0.0,1.0,1.0,0.0,0.0
BJORKSTRAND,OLIVER,R,28,OLIVER BJORKSTRAND,6.0,3.0,2.0,1.0,0.0,5.0,1.0,0.0,6.0,6.0,0.0,0.0
NELSON,BROCK,C,29,BROCK NELSON,48.0,18.0,10.0,20.0,22.0,10.0,16.0,0.0,40.0,42.0,2.0,4.0
FERRARO,LANDON,C,29,LANDON FERRARO,16.0,6.0,2.0,8.0,7.0,8.0,1.0,0.0,14.0,14.0,0.0,2.0
DRAISAITL,LEON,C,29,LEON DRAISAITL,40.0,11.0,8.0,21.0,16.0,10.0,12.0,2.0,37.0,39.0,1.0,0.0
MACKINNON,NATHAN,C,29,NATHAN MACKINNON,28.0,8.0,6.0,14.0,10.0,9.0,9.0,0.0,25.0,27.0,1.0,0.0
PEDAN,ANDREY,D,29,ANDREY PEDAN,0.0,0.0,0.0,0.0,0.0,0.0,0.0,0.0,0.0,0.0,0.0,0.0
GOLOUBEF,CODY,D,29,CODY GOLOUBEF,3.0,1.0,0.0,2.0,2.0,0.0,1.0,0.0,2.0,2.0,0.0,1.0
ENGELLAND,DERYK,D,29,DERYK ENGELLAND,8.0,0.0,0.0,8.0,4.0,3.0,1.0,0.0,8.0,8.0,0.0,0.0
MCCABE,JAKE,D,29,JAKE MCCABE,17.0,2.0,2.0,13.0,5.0,8.0,3.0,1.0,14.0,16.0,0.0,1.0
VALIEV,RINAT,D,29,RINAT VALIEV,1.0,1.0,0.0,0.0,0.0,0.0,1.0,0.0,1.0,1.0,0.0,0.0
KOEKKOEK,SLATER,D,29,SLATER KOEKKOEK,3.0,0.0,1.0,2.0,2.0,0.0,1.0,0.0,3.0,3.0,0.0,0.0
BRENNAN,TJ,D,29,TJ BRENNAN,2.0,1.0,1.0,0.0,2.0,0.0,0.0,0.0,2.0,2.0,0.0,0.0
LINDBACK,ANDERS,G,29,ANDERS LINDBACK,0.0,0.0,0.0,0.0,0.0,0.0,0.0,0.0,0.0,0.0,0.0,0.0
FLEURY,MARC-ANDRE,G,29,MARC-ANDRE FLEURY,0.0,0.0,0.0,0.0,0.0,0.0,0.0,0.0,0.0,0.0,0.0,0.0
O'CONNOR,MATTHEW,G,29,MATTHEW O'CONNOR,0.0,0.0,0.0,0.0,0.0,0.0,0.0,0.0,0.0,0.0,0.0,0.0
EMERY,RAY,G,29,RAY EMERY,0.0,0.0,0.0,0.0,0.0,0.0,0.0,0.0,0.0,0.0,0.0,0.0
BICKELL,BRYAN,L,29,BRYAN BICKELL,4.0,1.0,1.0,2.0,1.0,1.0,2.0,0.0,4.0,4.0,0.0,0.0
STEWART,CHRIS,R,29,CHRIS STEWART,12.0,5.0,4.0,3.0,1.0,8.0,3.0,0.0,12.0,12.0,0.0,0.0
POMINVILLE,JASON,R,29,JASON POMINVILLE,21.0,9.0,4.0,8.0,9.0,5.0,7.0,0.0,21.0,21.0,0.0,0.0
HAVLAT,MARTIN,R,29,MARTIN HAVLAT,3.0,1.0,1.0,1.0,2.0,0.0,1.0,0.0,3.0,3.0,0.0,0.0
COYLE,CHARLIE,C,3,CHARLIE COYLE,36.0,12.0,13.0,11.0,16.0,9.0,10.0,1.0,33.0,34.0,2.0,0.0
MCNABB,BRAYDEN,D,3,BRAYDEN MCNABB,19.0,2.0,3.0,14.0,5.0,8.0,6.0,0.0,16.0,16.0,1.0,2.0
BIGRAS,CHRIS,D,3,CHRIS BIGRAS,4.0,0.0,0.0,4.0,1.0,1.0,2.0,0.0,4.0,4.0,0.0,0.0
STONER,CLAYTON,D,3,CLAYTON STONER,2.0,0.0,0.0,2.0,0.0,1.0,1.0,0.0,2.0,2.0,0.0,0.0
KLINGBERG,JOHN,D,3,JOHN KLINGBERG,36.0,6.0,5.0,25.0,10.0,9.0,16.0,1.0,32.0,34.0,2.0,0.0
METHOT,MARC,D,3,MARC METHOT,10.0,1.0,1.0,8.0,5.0,2.0,3.0,0.0,9.0,9.0,0.0,1.0
PYSYK,MARK,D,3,MARK PYSYK,9.0,0.0,1.0,8.0,3.0,3.0,3.0,0.0,7.0,8.0,1.0,0.0
MAATTA,OLLI,D,3,OLLI MAATTA,8.0,0.0,0.0,8.0,0.0,4.0,3.0,1.0,6.0,7.0,0.0,1.0
GUDAS,RADKO,D,3,RADKO GUDAS,11.0,4.0,1.0,6.0,4.0,5.0,2.0,0.0,10.0,10.0,0.0,1.0
JONES,SETH,D,3,SETH JONES,25.0,2.0,6.0,17.0,13.0,8.0,4.0,0.0,23.0,23.0,1.0,1.0
KAMPFER,STEVEN,D,3,STEVEN KAMPFER,5.0,0.0,1.0,4.0,3.0,1.0,1.0,0.0,5.0,5.0,0.0,0.0
HAMONIC,TRAVIS,D,3,TRAVIS HAMONIC,44.0,5.0,5.0,34.0,16.0,8.0,19.0,1.0,32.0,37.0,2.0,5.0
DELL,AARON,G,30,AARON DELL,0.0,0.0,0.0,0.0,0.0,0.0,0.0,0.0,0.0,0.0,0.0,0.0
HAMMOND,ANDREW,G,30,ANDREW HAMMOND,0.0,0.0,0.0,0.0,0.0,0.0,0.0,0.0,0.0,0.0,0.0,0.0
BIBEAU,ANTOINE,G,30,ANTOINE BIBEAU,0.0,0.0,0.0,0.0,0.0,0.0,0.0,0.0,0.0,0.0,0.0,0.0
KHUDOBIN,ANTON,G,30,ANTON KHUDOBIN,0.0,0.0,0.0,0.0,0.0,0.0,0.0,0.0,0.0,0.0,0.0,0.0
BISHOP,BEN,G,30,BEN BISHOP,0.0,0.0,0.0,0.0,0.0,0.0,0.0,0.0,0.0,0.0,0.0,0.0
WARD,CAM,G,30,CAM WARD,0.0,0.0,0.0,0.0,0.0,0.0,0.0,0.0,0.0,0.0,0.0,0.0
HUTTON,CARTER,G,30,CARTER HUTTON,0.0,0.0,0.0,0.0,0.0,0.0,0.0,0.0,0.0,0.0,0.0,0.0
HELLEBUYCK,CONNOR,G,30,CONNOR HELLEBUYCK,0.0,0.0,0.0,0.0,0.0,0.0,0.0,0.0,0.0,0.0,0.0,0.0
MCELHINNEY,CURTIS,G,30,CURTIS MCELHINNEY,0.0,0.0,0.0,0.0,0.0,0.0,0.0,0.0,0.0,0.0,0.0,0.0
LUNDQVIST,HENRIK,G,30,HENRIK LUNDQVIST,0.0,0.0,0.0,0.0,0.0,0.0,0.0,0.0,0.0,0.0,0.0,0.0
BERUBE,JEAN-FRANCOIS,G,30,JEAN-FRANCOIS BERUBE,0.0,0.0,0.0,0.0,0.0,0.0,0.0,0.0,0.0,0.0,0.0,0.0
SMITH,JEREMY,G,30,JEREMY SMITH,0.0,0.0,0.0,0.0,0.0,0.0,0.0,0.0,0.0,0.0,0.0,0.0
LANGHAMER,MAREK,G,30,MAREK LANGHAMER,0.0,0.0,0.0,0.0,0.0,0.0,0.0,0.0,0.0,0.0,0.0,0.0
MURRAY,MATTHEW,G,30,MATTHEW MURRAY,0.0,0.0,0.0,0.0,0.0,0.0,0.0,0.0,0.0,0.0,0.0,0.0
NEUVIRTH,MICHAL,G,30,MICHAL NEUVIRTH,0.0,0.0,0.0,0.0,0.0,0.0,0.0,0.0,0.0,0.0,0.0,0.0
MCKENNA,MIKE,G,30,MIKE MCKENNA,0.0,0.0,0.0,0.0,0.0,0.0,0.0,0.0,0.0,0.0,0.0,0.0
COPLEY,PHEONIX,G,30,PHEONIX COPLEY,0.0,0.0,0.0,0.0,0.0,0.0,0.0,0.0,0.0,0.0,0.0,0.0
MILLER,RYAN,G,30,RYAN MILLER,0.0,0.0,0.0,0.0,0.0,0.0,0.0,0.0,0.0,0.0,0.0,0.0
FUCALE,ZACHARY,G,30,ZACHARY FUCALE,0.0,0.0,0.0,0.0,0.0,0.0,0.0,0.0,0.0,0.0,0.0,0.0
FORSBERG,ANTON,G,31,ANTON FORSBERG,0.0,0.0,0.0,0.0,0.0,0.0,0.0,0.0,0.0,0.0,0.0,0.0
NIEMI,ANTTI,G,31,ANTTI NIEMI,0.0,0.0,0.0,0.0,0.0,0.0,0.0,0.0,0.0,0.0,0.0,0.0
PICKARD,CALVIN,G,31,CALVIN PICKARD,0.0,0.0,0.0,0.0,0.0,0.0,0.0,0.0,0.0,0.0,0.0,0.0
PRICE,CAREY,G,31,CAREY PRICE,0.0,0.0,0.0,0.0,0.0,0.0,0.0,0.0,0.0,0.0,0.0,0.0
JOHNSON,CHAD,G,31,CHAD JOHNSON,0.0,0.0,0.0,0.0,0.0,0.0,0.0,0.0,0.0,0.0,0.0,0.0
LACK,EDDIE,G,31,EDDIE LACK,0.0,0.0,0.0,0.0,0.0,0.0,0.0,0.0,0.0,0.0,0.0,0.0
ANDERSEN,FREDERIK,G,31,FREDERIK ANDERSEN,0.0,0.0,0.0,0.0,0.0,0.0,0.0,0.0,0.0,0.0,0.0,0.0
SPARKS,GARRET,G,31,GARRET SPARKS,0.0,0.0,0.0,0.0,0.0,0.0,0.0,0.0,0.0,0.0,0.0,0.0
COREAU,JARED,G,31,JARED COREAU,0.0,0.0,0.0,0.0,0.0,0.0,0.0,0.0,0.0,0.0,0.0,0.0
RAMO,KARRI,G,31,KARRI RAMO,1.0,0.0,0.0,1.0,0.0,1.0,0.0,0.0,1.0,1.0,0.0,0.0
JONES,MARTIN,G,31,MARTIN JONES,0.0,0.0,0.0,0.0,0.0,0.0,0.0,0.0,0.0,0.0,0.0,0.0
PAVELEC,ONDREJ,G,31,ONDREJ PAVELEC,0.0,0.0,0.0,0.0,0.0,0.0,0.0,0.0,0.0,0.0,0.0,0.0
BUDAJ,PETER,G,31,PETER BUDAJ,0.0,0.0,0.0,0.0,0.0,0.0,0.0,0.0,0.0,0.0,0.0,0.0
GRUBAUER,PHILIPP,G,31,PHILIPP GRUBAUER,0.0,0.0,0.0,0.0,0.0,0.0,0.0,0.0,0.0,0.0,0.0,0.0
WEDGEWOOD,SCOTT,G,31,SCOTT WEDGEWOOD,0.0,0.0,0.0,0.0,0.0,0.0,0.0,0.0,0.0,0.0,0.0,0.0
FLYNN,BRIAN,C,32,BRIAN FLYNN,20.0,7.0,6.0,7.0,6.0,9.0,5.0,0.0,15.0,16.0,0.0,4.0
GAUDET,TYLER,C,32,TYLER GAUDET,2.0,1.0,0.0,1.0,1.0,1.0,0.0,0.0,2.0,2.0,0.0,0.0
BEAUCHEMIN,FRANCOIS,D,32,FRANCOIS BEAUCHEMIN,31.0,4.0,4.0,23.0,9.0,8.0,12.0,2.0,21.0,26.0,1.0,4.0
STREIT,MARK,D,32,MARK STREIT,14.0,3.0,1.0,10.0,1.0,7.0,5.0,1.0,11.0,13.0,1.0,0.0
ROZSIVAL,MICHAL,D,32,MICHAL ROZSIVAL,6.0,0.0,1.0,5.0,3.0,2.0,1.0,0.0,6.0,6.0,0.0,0.0
STALOCK,ALEX,G,32,ALEX STALOCK,0.0,0.0,0.0,0.0,0.0,0.0,0.0,0.0,0.0,0.0,0.0,0.0
RAANTA,ANTTI,G,32,ANTTI RAANTA,0.0,0.0,0.0,0.0,0.0,0.0,0.0,0.0,0.0,0.0,0.0,0.0
DRIEDGER,CHRIS,G,32,CHRIS DRIEDGER,0.0,0.0,0.0,0.0,0.0,0.0,0.0,0.0,0.0,0.0,0.0,0.0
QUICK,JONATHAN,G,32,JONATHAN QUICK,0.0,0.0,0.0,0.0,0.0,0.0,0.0,0.0,0.0,0.0,0.0,0.0
LEHTONEN,KARI,G,32,KARI LEHTONEN,0.0,0.0,0.0,0.0,0.0,0.0,0.0,0.0,0.0,0.0,0.0,0.0
BACKSTROM,NIKLAS,G,32,NIKLAS BACKSTROM,0.0,0.0,0.0,0.0,0.0,0.0,0.0,0.0,0.0,0.0,0.0,0.0
BACHMAN,RICHARD,G,32,RICHARD BACHMAN,0.0,0.0,0.0,0.0,0.0,0.0,0.0,0.0,0.0,0.0,0.0,0.0
LEIVO,JOSH,L,32,JOSH LEIVO,4.0,3.0,1.0,0.0,4.0,0.0,0.0,0.0,4.0,4.0,0.0,0.0
WILSON,COLIN,C,33,COLIN WILSON,24.0,10.0,8.0,6.0,10.0,8.0,6.0,0.0,24.0,24.0,0.0,0.0
RYAN,DEREK,C,33,DEREK RYAN,4.0,2.0,2.0,0.0,0.0,2.0,2.0,0.0,4.0,4.0,0.0,0.0
SEDIN,HENRIK,C,33,HENRIK SEDIN,23.0,15.0,3.0,5.0,3.0,12.0,7.0,1.0,19.0,21.0,1.0,1.0
GOLIGOSKI,ALEX,D,33,ALEX GOLIGOSKI,18.0,1.0,3.0,14.0,5.0,9.0,4.0,0.0,12.0,12.0,0.0,6.0
BYFUGLIEN,DUSTIN,D,33,DUSTIN BYFUGLIEN,73.0,10.0,29.0,34.0,23.0,32.0,17.0,1.0,51.0,58.0,1.0,14.0
NAKLADAL,JAKUB,D,33,JAKUB NAKLADAL,4.0,0.0,0.0,4.0,1.0,3.0,0.0,0.0,3.0,3.0,1.0,0.0
MITCHELL,WILLIE,D,33,WILLIE MITCHELL,6.0,1.0,1.0,4.0,1.0,3.0,2.0,0.0,5.0,6.0,0.0,0.0
CHARA,ZDENO,D,33,ZDENO CHARA,23.0,3.0,2.0,18.0,4.0,11.0,8.0,0.0,19.0,19.0,0.0,4.0
TALBOT,CAM,G,33,CAM TALBOT,0.0,0.0,0.0,0.0,0.0,0.0,0.0,0.0,0.0,0.0,0.0,0.0
GIBSON,CHRISTOPHER,G,33,CHRISTOPHER GIBSON,0.0,0.0,0.0,0.0,0.0,0.0,0.0,0.0,0.0,0.0,0.0,0.0
KASDORF,JASON,G,33,JASON KASDORF,0.0,0.0,0.0,0.0,0.0,0.0,0.0,0.0,0.0,0.0,0.0,0.0
DARLING,SCOTT,G,33,SCOTT DARLING,0.0,0.0,0.0,0.0,0.0,0.0,0.0,0.0,0.0,0.0,0.0,0.0
HANNIKAINEN,MARKUS,L,33,MARKUS HANNIKAINEN,1.0,0.0,0.0,1.0,0.0,1.0,0.0,0.0,1.0,1.0,0.0,0.0
SILFVERBERG,JAKOB,R,33,JAKOB SILFVERBERG,44.0,16.0,13.0,15.0,15.0,9.0,19.0,1.0,31.0,36.0,0.0,8.0
CARON,JORDAN,R,33,JORDAN CARON,0.0,0.0,0.0,0.0,0.0,0.0,0.0,0.0,0.0,0.0,0.0,0.0
ARCOBELLO,MARK,R,33,MARK ARCOBELLO,9.0,5.0,1.0,3.0,5.0,2.0,2.0,0.0,9.0,9.0,0.0,0.0
SODERBERG,CARL,C,34,CARL SODERBERG,32.0,12.0,5.0,15.0,13.0,13.0,6.0,0.0,26.0,26.0,1.0,5.0
NELSON,CASEY,D,34,CASEY NELSON,1.0,0.0,0.0,1.0,0.0,1.0,0.0,0.0,1.0,1.0,0.0,0.0
DAHLBECK,KLAS,D,34,KLAS DAHLBECK,10.0,1.0,1.0,8.0,5.0,3.0,2.0,0.0,7.0,7.0,0.0,3.0
ALLEN,JAKE,G,34,JAKE ALLEN,0.0,0.0,0.0,0.0,0.0,0.0,0.0,0.0,0.0,0.0,0.0,0.0
REIMER,JAMES,G,34,JAMES REIMER,0.0,0.0,0.0,0.0,0.0,0.0,0.0,0.0,0.0,0.0,0.0,0.0
CANNATA,JOE,G,34,JOE CANNATA,0.0,0.0,0.0,0.0,0.0,0.0,0.0,0.0,0.0,0.0,0.0,0.0
HUTCHINSON,MICHAEL,G,34,MICHAEL HUTCHINSON,0.0,0.0,0.0,0.0,0.0,0.0,0.0,0.0,0.0,0.0,0.0,0.0
MRAZEK,PETR,G,34,PETR MRAZEK,0.0,0.0,0.0,0.0,0.0,0.0,0.0,0.0,0.0,0.0,0.0,0.0
SEKAC,JIRI,L,34,JIRI SEKAC,14.0,8.0,4.0,2.0,5.0,7.0,2.0,0.0,13.0,13.0,1.0,0.0
DI GIUSEPPE,PHILLIP,L,34,PHILLIP DI GIUSEPPE,17.0,7.0,6.0,4.0,5.0,7.0,5.0,0.0,16.0,17.0,0.0,0.0
ANDERSON,JOSH,R,34,JOSH ANDERSON,4.0,2.0,0.0,2.0,2.0,0.0,2.0,0.0,4.0,4.0,0.0,0.0
MCCARRON,MICHAEL,R,34,MICHAEL MCCARRON,4.0,2.0,2.0,0.0,2.0,0.0,2.0,0.0,4.0,4.0,0.0,0.0
KUHNHACKL,TOM,R,34,TOM KUHNHACKL,5.0,1.0,2.0,2.0,3.0,2.0,0.0,0.0,4.0,4.0,0.0,1.0
MONTOYA,AL,G,35,AL MONTOYA,0.0,0.0,0.0,0.0,0.0,0.0,0.0,0.0,0.0,0.0,0.0,0.0
LINDGREN,CHARLIE,G,35,CHARLIE LINDGREN,0.0,0.0,0.0,0.0,0.0,0.0,0.0,0.0,0.0,0.0,0.0,0.0
SCHNEIDER,CORY,G,35,CORY SCHNEIDER,0.0,0.0,0.0,0.0,0.0,0.0,0.0,0.0,0.0,0.0,0.0,0.0
KUEMPER,DARCY,G,35,DARCY KUEMPER,0.0,0.0,0.0,0.0,0.0,0.0,0.0,0.0,0.0,0.0,0.0,0.0
TOKARSKI,DUSTIN,G,35,DUSTIN TOKARSKI,0.0,0.0,0.0,0.0,0.0,0.0,0.0,0.0,0.0,0.0,0.0,0.0
HOWARD,JIMMY,G,35,JIMMY HOWARD,0.0,0.0,0.0,0.0,0.0,0.0,0.0,0.0,0.0,0.0,0.0,0.0
POULIN,KEVIN,G,35,KEVIN POULIN,0.0,0.0,0.0,0.0,0.0,0.0,0.0,0.0,0.0,0.0,0.0,0.0
ULLMARK,LINUS,G,35,LINUS ULLMARK,0.0,0.0,0.0,0.0,0.0,0.0,0.0,0.0,0.0,0.0,0.0,0.0
DOMINGUE,LOUIS,G,35,LOUIS DOMINGUE,0.0,0.0,0.0,0.0,0.0,0.0,0.0,0.0,0.0,0.0,0.0,0.0
RINNE,PEKKA,G,35,PEKKA RINNE,1.0,0.0,0.0,1.0,1.0,0.0,0.0,0.0,1.0,1.0,0.0,0.0
WILL,ROMAN,G,35,ROMAN WILL,0.0,0.0,0.0,0.0,0.0,0.0,0.0,0.0,0.0,0.0,0.0,0.0
MASON,STEVE,G,35,STEVE MASON,0.0,0.0,0.0,0.0,0.0,0.0,0.0,0.0,0.0,0.0,0.0,0.0
O'BRIEN,JIM,C,36,JIM O'BRIEN,0.0,0.0,0.0,0.0,0.0,0.0,0.0,0.0,0.0,0.0,0.0,0.0
ZUCCARELLO,MATS,C,36,MATS ZUCCARELLO,59.0,26.0,15.0,18.0,19.0,21.0,19.0,0.0,52.0,56.0,3.0,0.0
BROWN,PATRICK,C,36,PATRICK BROWN,2.0,2.0,0.0,0.0,0.0,0.0,2.0,0.0,2.0,2.0,0.0,0.0
RINALDO,ZAC,C,36,ZAC RINALDO,8.0,4.0,2.0,2.0,4.0,0.0,4.0,0.0,8.0,8.0,0.0,0.0
LERNOUT,BRETT,D,36,BRETT LERNOUT,0.0,0.0,0.0,0.0,0.0,0.0,0.0,0.0,0.0,0.0,0.0,0.0
MORRISSEY,JOSHUA,D,36,JOSHUA MORRISSEY,0.0,0.0,0.0,0.0,0.0,0.0,0.0,0.0,0.0,0.0,0.0,0.0
PALIOTTA,MICHAEL,D,36,MICHAEL PALIOTTA,0.0,0.0,0.0,0.0,0.0,0.0,0.0,0.0,0.0,0.0,0.0,0.0
HARRINGTON,SCOTT,D,36,SCOTT HARRINGTON,1.0,0.0,0.0,1.0,1.0,0.0,0.0,0.0,1.0,1.0,0.0,0.0
GIBSON,JOHN,G,36,JOHN GIBSON,0.0,0.0,0.0,0.0,0.0,0.0,0.0,0.0,0.0,0.0,0.0,0.0
BOULTON,ERIC,L,36,ERIC BOULTON,1.0,1.0,0.0,0.0,0.0,1.0,0.0,0.0,1.0,1.0,0.0,0.0
JOKINEN,JUSSI,L,36,JUSSI JOKINEN,31.0,12.0,10.0,9.0,8.0,10.0,11.0,2.0,20.0,25.0,1.0,5.0
KERANEN,MICHAEL,L,36,MICHAEL KERANEN,0.0,0.0,0.0,0.0,0.0,0.0,0.0,0.0,0.0,0.0,0.0,0.0
WAGNER,CHRIS,R,36,CHRIS WAGNER,3.0,2.0,1.0,0.0,0.0,2.0,1.0,0.0,3.0,3.0,0.0,0.0
MCDONALD,COLIN,R,36,COLIN MCDONALD,0.0,0.0,0.0,0.0,0.0,0.0,0.0,0.0,0.0,0.0,0.0,0.0
HANSEN,JANNIK,R,36,JANNIK HANSEN,25.0,11.0,8.0,6.0,9.0,7.0,8.0,1.0,17.0,18.0,0.0,7.0
BROUWER,TROY,R,36,TROY BROUWER,40.0,18.0,11.0,11.0,19.0,7.0,12.0,2.0,32.0,35.0,1.0,4.0
JEFFREY,DUSTIN,C,37,DUSTIN JEFFREY,0.0,0.0,0.0,0.0,0.0,0.0,0.0,0.0,0.0,0.0,0.0,0.0
BERGERON,PATRICE,C,37,PATRICE BERGERON,67.0,29.0,18.0,20.0,28.0,23.0,16.0,0.0,51.0,51.0,4.0,12.0
ZACHA,PAVEL,C,37,PAVEL ZACHA,2.0,1.0,1.0,0.0,1.0,1.0,0.0,0.0,2.0,2.0,0.0,0.0
REGNER,BRENT,D,37,BRENT REGNER,0.0,0.0,0.0,0.0,0.0,0.0,0.0,0.0,0.0,0.0,0.0,0.0
STRAIT,BRIAN,D,37,BRIAN STRAIT,9.0,0.0,2.0,7.0,4.0,2.0,3.0,0.0,7.0,8.0,0.0,1.0
ZATKOFF,JEFF,G,37,JEFF ZATKOFF,0.0,0.0,0.0,0.0,0.0,0.0,0.0,0.0,0.0,0.0,0.0,0.0
ORTIO,JONI,G,37,JONI ORTIO,0.0,0.0,0.0,0.0,0.0,0.0,0.0,0.0,0.0,0.0,0.0,0.0
RITCHIE,NICK,L,37,NICK RITCHIE,8.0,5.0,2.0,1.0,4.0,3.0,1.0,0.0,8.0,8.0,0.0,0.0
KAPANEN,KASPERI,R,37,KASPERI KAPANEN,4.0,2.0,1.0,1.0,2.0,0.0,2.0,0.0,4.0,4.0,0.0,0.0
JENNER,BOONE,C,38,BOONE JENNER,39.0,17.0,10.0,12.0,13.0,17.0,9.0,0.0,35.0,36.0,0.0,3.0
KEARNS,BRACKEN,C,38,BRACKEN KEARNS,0.0,0.0,0.0,0.0,0.0,0.0,0.0,0.0,0.0,0.0,0.0,0.0
HALEY,MICHEAL,C,38,MICHEAL HALEY,0.0,0.0,0.0,0.0,0.0,0.0,0.0,0.0,0.0,0.0,0.0,0.0
GRAGNANI,MARC-ANDRE,D,38,MARC-ANDRE GRAGNANI,1.0,0.0,0.0,1.0,0.0,0.0,1.0,0.0,1.0,1.0,0.0,0.0
SANTINI,STEVEN,D,38,STEVEN SANTINI,0.0,0.0,0.0,0.0,0.0,0.0,0.0,0.0,0.0,0.0,0.0,0.0
FIDDLER,VERNON,L,38,VERNON FIDDLER,24.0,7.0,3.0,14.0,9.0,7.0,8.0,0.0,16.0,16.0,0.0,8.0
ARVIDSSON,VIKTOR,L,38,VIKTOR ARVIDSSON,15.0,6.0,4.0,5.0,5.0,6.0,4.0,0.0,15.0,15.0,0.0,0.0
HARTMAN,RYAN,R,38,RYAN HARTMAN,3.0,2.0,0.0,1.0,2.0,1.0,0.0,0.0,3.0,3.0,0.0,0.0
COUTURE,LOGAN,C,39,LOGAN COUTURE,39.0,21.0,6.0,12.0,11.0,15.0,13.0,0.0,31.0,31.0,7.0,1.0
CHAPUT,MICHAEL,C,39,MICHAEL CHAPUT,0.0,0.0,0.0,0.0,0.0,0.0,0.0,0.0,0.0,0.0,0.0,0.0
NYLANDER,WILLIAM,C,39,WILLIAM NYLANDER,16.0,6.0,3.0,7.0,4.0,7.0,5.0,0.0,15.0,15.0,1.0,0.0
PROSSER,NATE,D,39,NATE PROSSER,5.0,1.0,0.0,4.0,3.0,2.0,0.0,0.0,3.0,3.0,0.0,2.0
HELGESON,SETH,D,39,SETH HELGESON,2.0,0.0,1.0,1.0,2.0,0.0,0.0,0.0,1.0,1.0,0.0,1.0
ENSTROM,TOBY,D,39,TOBY ENSTROM,9.0,2.0,0.0,7.0,3.0,4.0,2.0,0.0,5.0,6.0,1.0,2.0
NILSSON,ANDERS,G,39,ANDERS NILSSON,0.0,0.0,0.0,0.0,0.0,0.0,0.0,0.0,0.0,0.0,0.0,0.0
MAZANEC,MAREK,G,39,MAREK MAZANEC,0.0,0.0,0.0,0.0,0.0,0.0,0.0,0.0,0.0,0.0,0.0,0.0
CONDON,MIKE,G,39,MIKE CONDON,1.0,0.0,0.0,1.0,1.0,0.0,0.0,0.0,1.0,1.0,0.0,0.0
BELESKEY,MATT,L,39,MATT BELESKEY,27.0,14.0,6.0,7.0,9.0,9.0,9.0,0.0,24.0,25.0,2.0,0.0
MANTHA,ANTHONY,R,39,ANTHONY MANTHA,4.0,3.0,1.0,0.0,3.0,1.0,0.0,0.0,4.0,4.0,0.0,0.0
BAUN,KYLE,R,39,KYLE BAUN,0.0,0.0,0.0,0.0,0.0,0.0,0.0,0.0,0.0,0.0,0.0,0.0
DILLON,BRENDEN,D,4,BRENDEN DILLON,12.0,1.0,2.0,9.0,7.0,3.0,2.0,0.0,10.0,10.0,0.0,2.0
FOWLER,CAM,D,4,CAM FOWLER,17.0,0.0,2.0,15.0,6.0,4.0,7.0,0.0,13.0,14.0,0.0,3.0
GUNNARSSON,CARL,D,4,CARL GUNNARSSON,14.0,0.0,1.0,13.0,4.0,5.0,5.0,0.0,9.0,11.0,0.0,3.0
OLSEN,DYLAN,D,4,DYLAN OLSEN,0.0,0.0,0.0,0.0,0.0,0.0,0.0,0.0,0.0,0.0,0.0,0.0
KINDL,JAKUB,D,4,JAKUB KINDL,7.0,1.0,2.0,4.0,2.0,3.0,2.0,0.0,7.0,7.0,0.0,0.0
DEMERS,JASON,D,4,JASON DEMERS,28.0,6.0,2.0,20.0,13.0,6.0,9.0,0.0,23.0,26.0,0.0,2.0
GORGES,JOSH,D,4,JOSH GORGES,13.0,3.0,2.0,8.0,6.0,5.0,2.0,0.0,13.0,13.0,0.0,0.0
CONNAUTON,KEVIN,D,4,KEVIN CONNAUTON,15.0,0.0,4.0,11.0,7.0,5.0,3.0,0.0,14.0,15.0,0.0,0.0
REILLY,MIKE,D,4,MIKE REILLY,2.0,0.0,0.0,2.0,0.0,0.0,2.0,0.0,2.0,2.0,0.0,0.0
HJALMARSSON,NIKLAS,D,4,NIKLAS HJALMARSSON,31.0,2.0,3.0,26.0,11.0,13.0,6.0,1.0,24.0,26.0,0.0,5.0
POSTMA,PAUL,D,4,PAUL POSTMA,4.0,0.0,1.0,3.0,2.0,0.0,2.0,0.0,4.0,4.0,0.0,0.0
SCUDERI,ROB,D,4,ROB SCUDERI,5.0,1.0,0.0,4.0,1.0,3.0,1.0,0.0,4.0,4.0,0.0,1.0
ELLIS,RYAN,D,4,RYAN ELLIS,24.0,6.0,7.0,11.0,8.0,7.0,9.0,0.0,15.0,15.0,2.0,7.0
CHORNEY,TAYLOR,D,4,TAYLOR CHORNEY,8.0,1.0,1.0,6.0,1.0,4.0,3.0,0.0,8.0,8.0,0.0,0.0
BARRIE,TYSON,D,4,TYSON BARRIE,29.0,5.0,4.0,20.0,12.0,10.0,7.0,0.0,26.0,26.0,3.0,0.0
MICHALEK,ZBYNEK,D,4,ZBYNEK MICHALEK,21.0,0.0,2.0,19.0,6.0,9.0,6.0,0.0,13.0,13.0,0.0,8.0
HALL,TAYLOR,L,4,TAYLOR HALL,64.0,30.0,15.0,19.0,22.0,22.0,19.0,1.0,60.0,62.0,2.0,0.0
SUNDQVIST,OSKAR,C,40,OSKAR SUNDQVIST,6.0,3.0,3.0,0.0,3.0,1.0,2.0,0.0,6.0,6.0,0.0,0.0
CARPENTER,RYAN,C,40,RYAN CARPENTER,0.0,0.0,0.0,0.0,0.0,0.0,0.0,0.0,0.0,0.0,0.0,0.0
LECAVALIER,VINCENT,C,40,VINCENT LECAVALIER,13.0,4.0,3.0,6.0,5.0,6.0,2.0,0.0,12.0,12.0,1.0,0.0
SCRIVENS,BEN,G,40,BEN SCRIVENS,0.0,0.0,0.0,0.0,0.0,0.0,0.0,0.0,0.0,0.0,0.0,0.0
ALTSHULLER,DANIEL,G,40,DANIEL ALTSHULLER,0.0,0.0,0.0,0.0,0.0,0.0,0.0,0.0,0.0,0.0,0.0,0.0
DUBNYK,DEVAN,G,40,DEVAN DUBNYK,0.0,0.0,0.0,0.0,0.0,0.0,0.0,0.0,0.0,0.0,0.0,0.0
SCHOENFELD,NATHAN,G,40,NATHAN SCHOENFELD,0.0,0.0,0.0,0.0,0.0,0.0,0.0,0.0,0.0,0.0,0.0,0.0
LEHNER,ROBIN,G,40,ROBIN LEHNER,0.0,0.0,0.0,0.0,0.0,0.0,0.0,0.0,0.0,0.0,0.0,0.0
RASK,TUUKKA,G,40,TUUKKA RASK,0.0,0.0,0.0,0.0,0.0,0.0,0.0,0.0,0.0,0.0,0.0,0.0
DANIS,YANN,G,40,YANN DANIS,0.0,0.0,0.0,0.0,0.0,0.0,0.0,0.0,0.0,0.0,0.0,0.0
TANGUAY,ALEX,L,40,ALEX TANGUAY,27.0,11.0,8.0,8.0,10.0,9.0,7.0,1.0,24.0,25.0,1.0,1.0
ZETTERBERG,HENRIK,L,40,HENRIK ZETTERBERG,29.0,16.0,4.0,9.0,7.0,11.0,9.0,2.0,24.0,28.0,1.0,0.0
ZALEWSKI,MICHAEL,L,40,MICHAEL ZALEWSKI,0.0,0.0,0.0,0.0,0.0,0.0,0.0,0.0,0.0,0.0,0.0,0.0
BOLL,JARED,R,40,JARED BOLL,3.0,1.0,2.0,0.0,2.0,0.0,1.0,0.0,3.0,3.0,0.0,0.0
ARMIA,JOEL,R,40,JOEL ARMIA,23.0,13.0,4.0,6.0,7.0,8.0,8.0,0.0,20.0,20.0,1.0,2.0
GRABNER,MICHAEL,R,40,MICHAEL GRABNER,66.0,15.0,11.0,40.0,23.0,24.0,16.0,3.0,38.0,44.0,0.0,22.0
WENNBERG,ALEXANDER,C,41,ALEXANDER WENNBERG,42.0,18.0,10.0,14.0,15.0,11.0,16.0,0.0,38.0,40.0,1.0,1.0
MCKEGG,GREG,C,41,GREG MCKEGG,4.0,1.0,1.0,2.0,1.0,2.0,1.0,0.0,4.0,4.0,0.0,0.0
KEMPPAINEN,JOONAS,C,41,JOONAS KEMPPAINEN,28.0,6.0,11.0,11.0,9.0,13.0,6.0,0.0,21.0,21.0,0.0,7.0
GLENDENING,LUKE,C,41,LUKE GLENDENING,20.0,12.0,3.0,5.0,6.0,7.0,7.0,0.0,13.0,14.0,0.0,6.0
MCNEILL,MARK,C,41,MARK MCNEILL,1.0,0.0,1.0,0.0,0.0,0.0,1.0,0.0,1.0,1.0,0.0,0.0
MUELLER,MIRCO,D,41,MIRCO MUELLER,1.0,0.0,0.0,1.0,0.0,1.0,0.0,0.0,1.0,1.0,0.0,0.0
BORTUZZO,ROBERT,D,41,ROBERT BORTUZZO,5.0,0.0,1.0,4.0,4.0,1.0,0.0,0.0,5.0,5.0,0.0,0.0
ANDERSON,CRAIG,G,41,CRAIG ANDERSON,2.0,0.0,1.0,1.0,2.0,0.0,0.0,0.0,2.0,2.0,0.0,0.0
HALAK,JAROSLAV,G,41,JAROSLAV HALAK,0.0,0.0,0.0,0.0,0.0,0.0,0.0,0.0,0.0,0.0,0.0,0.0
SMITH,MIKE,G,41,MIKE SMITH,1.0,0.0,0.0,1.0,1.0,0.0,0.0,0.0,1.0,1.0,0.0,0.0
ZOLNIERCZYK,HARRY,L,41,HARRY ZOLNIERCZYK,0.0,0.0,0.0,0.0,0.0,0.0,0.0,0.0,0.0,0.0,0.0,0.0
BYRON,PAUL,L,41,PAUL BYRON,23.0,5.0,6.0,12.0,8.0,4.0,11.0,0.0,12.0,14.0,1.0,8.0
KENINS,RONALDS,L,41,RONALDS KENINS,3.0,1.0,1.0,1.0,2.0,1.0,0.0,0.0,3.0,3.0,0.0,0.0
SPRONG,DANIEL,R,41,DANIEL SPRONG,4.0,1.0,0.0,3.0,2.0,1.0,1.0,0.0,4.0,4.0,0.0,0.0
SOSHNIKOV,NIKITA,R,41,NIKITA SOSHNIKOV,2.0,0.0,2.0,0.0,1.0,1.0,0.0,0.0,2.0,2.0,0.0,0.0
NORDSTROM,JOAKIM,C,42,JOAKIM NORDSTROM,26.0,6.0,10.0,10.0,6.0,9.0,11.0,0.0,20.0,20.0,0.0,6.0
MARCHESSAULT,JONATHAN,C,42,JONATHAN MARCHESSAULT,10.0,4.0,3.0,3.0,4.0,3.0,3.0,0.0,7.0,7.0,3.0,0.0
HOWDEN,QUINTON,C,42,QUINTON HOWDEN,9.0,6.0,3.0,0.0,5.0,2.0,2.0,0.0,9.0,9.0,0.0,0.0
BOZAK,TYLER,C,42,TYLER BOZAK,33.0,15.0,5.0,13.0,13.0,9.0,9.0,2.0,25.0,28.0,3.0,2.0
MANSON,JOSH,D,42,JOSH MANSON,18.0,0.0,3.0,15.0,8.0,1.0,9.0,0.0,13.0,15.0,0.0,3.0
MAYFIELD,SCOTT,D,42,SCOTT MAYFIELD,0.0,0.0,0.0,0.0,0.0,0.0,0.0,0.0,0.0,0.0,0.0,0.0
SLEPYSHEV,ANTON,L,42,ANTON SLEPYSHEV,2.0,1.0,0.0,1.0,1.0,0.0,1.0,0.0,2.0,2.0,0.0,0.0
SELLECK,ERIC,L,42,ERIC SELLECK,0.0,0.0,0.0,0.0,0.0,0.0,0.0,0.0,0.0,0.0,0.0,0.0
BACKES,DAVID,R,42,DAVID BACKES,39.0,13.0,9.0,17.0,9.0,15.0,14.0,1.0,26.0,27.0,0.0,12.0
WARD,JOEL,R,42,JOEL WARD,41.0,19.0,3.0,19.0,11.0,18.0,12.0,0.0,33.0,33.0,0.0,8.0
ANDRIGHETTO,SVEN,R,42,SVEN ANDRIGHETTO,9.0,2.0,4.0,3.0,4.0,2.0,3.0,0.0,7.0,7.0,2.0,0.0
CATENACCI,DANIEL,C,43,DANIEL CATENACCI,2.0,2.0,0.0,0.0,1.0,1.0,0.0,0.0,2.0,2.0,0.0,0.0
HELM,DARREN,C,43,DARREN HELM,22.0,10.0,2.0,10.0,5.0,10.0,7.0,0.0,15.0,16.0,0.0,6.0
KADRI,NAZEM,C,43,NAZEM KADRI,47.0,17.0,9.0,21.0,15.0,17.0,15.0,0.0,44.0,45.0,1.0,1.0
DZINGEL,RYAN,C,43,RYAN DZINGEL,6.0,4.0,1.0,1.0,4.0,0.0,2.0,0.0,6.0,6.0,0.0,0.0
SVEDBERG,VIKTOR,D,43,VIKTOR SVEDBERG,7.0,0.0,1.0,6.0,1.0,4.0,2.0,0.0,5.0,5.0,0.0,2.0
SHEARY,CONOR,L,43,CONOR SHEARY,7.0,3.0,2.0,2.0,2.0,4.0,1.0,0.0,7.0,7.0,0.0,0.0
CARR,DANIEL,L,43,DANIEL CARR,7.0,2.0,3.0,2.0,2.0,3.0,2.0,0.0,7.0,7.0,0.0,0.0
FRIBERG,MAX,L,43,MAX FRIBERG,0.0,0.0,0.0,0.0,0.0,0.0,0.0,0.0,0.0,0.0,0.0,0.0
HARTNELL,SCOTT,L,43,SCOTT HARTNELL,20.0,8.0,8.0,4.0,3.0,6.0,11.0,0.0,18.0,18.0,2.0,0.0
PLOTNIKOV,SERGEI,L,43,SERGEI PLOTNIKOV,12.0,6.0,3.0,3.0,4.0,5.0,3.0,0.0,12.0,12.0,0.0,0.0
WILSON,TOM,R,43,TOM WILSON,16.0,5.0,8.0,3.0,3.0,6.0,7.0,0.0,14.0,14.0,0.0,2.0
NICHUSHKIN,VALERI,R,43,VALERI NICHUSHKIN,33.0,14.0,6.0,13.0,17.0,8.0,8.0,0.0,33.0,33.0,0.0,0.0
PAGEAU,JEAN-GABRIEL,C,44,JEAN-GABRIEL PAGEAU,30.0,11.0,11.0,8.0,8.0,15.0,7.0,0.0,23.0,23.0,0.0,7.0
THOMPSON,NATE,C,44,NATE THOMPSON,7.0,3.0,2.0,2.0,3.0,3.0,1.0,0.0,4.0,4.0,0.0,3.0
GRAOVAC,TYLER,C,44,TYLER GRAOVAC,2.0,0.0,1.0,1.0,1.0,1.0,0.0,0.0,2.0,2.0,0.0,0.0
ORPIK,BROOKS,D,44,BROOKS ORPIK,7.0,2.0,1.0,4.0,2.0,3.0,2.0,0.0,5.0,7.0,0.0,0.0
DE HAAN,CALVIN,D,44,CALVIN DE HAAN,19.0,1.0,0.0,18.0,2.0,13.0,4.0,0.0,13.0,14.0,0.0,5.0
DIETZ,DARREN,D,44,DARREN DIETZ,3.0,0.0,1.0,2.0,1.0,0.0,2.0,0.0,3.0,3.0,0.0,0.0
SEIDENBERG,DENNIS,D,44,DENNIS SEIDENBERG,16.0,4.0,3.0,9.0,9.0,3.0,3.0,1.0,12.0,13.0,0.0,3.0
GELINAS,ERIC,D,44,ERIC GELINAS,7.0,1.0,2.0,4.0,3.0,1.0,3.0,0.0,7.0,7.0,0.0,0.0
GUDBRANSON,ERIK,D,44,ERIK GUDBRANSON,11.0,1.0,2.0,8.0,2.0,4.0,5.0,0.0,10.0,10.0,0.0,1.0
FALK,JUSTIN,D,44,JUSTIN FALK,3.0,0.0,1.0,2.0,2.0,0.0,1.0,0.0,2.0,2.0,0.0,1.0
VLASIC,MARC-EDOUARD,D,44,MARC-EDOUARD VLASIC,15.0,2.0,2.0,11.0,2.0,9.0,4.0,0.0,9.0,10.0,3.0,2.0
BARTKOWSKI,MATT,D,44,MATT BARTKOWSKI,18.0,2.0,3.0,13.0,6.0,8.0,4.0,0.0,15.0,15.0,1.0,2.0
RIELLY,MORGAN,D,44,MORGAN RIELLY,35.0,9.0,2.0,24.0,13.0,9.0,12.0,1.0,24.0,26.0,4.0,5.0
WOOD,MILES,L,44,MILES WOOD,0.0,0.0,0.0,0.0,0.0,0.0,0.0,0.0,0.0,0.0,0.0,0.0
DESLAURIERS,NICOLAS,L,44,NICOLAS DESLAURIERS,14.0,3.0,5.0,6.0,7.0,3.0,4.0,0.0,14.0,14.0,0.0,0.0
MCGINN,TYE,L,44,TYE MCGINN,1.0,0.0,1.0,0.0,0.0,0.0,1.0,0.0,1.0,1.0,0.0,0.0
KASSIAN,ZACK,R,44,ZACK KASSIAN,11.0,5.0,5.0,1.0,2.0,4.0,5.0,0.0,11.0,11.0,0.0,0.0
MCFARLAND,JOHN,C,45,JOHN MCFARLAND,0.0,0.0,0.0,0.0,0.0,0.0,0.0,0.0,0.0,0.0,0.0,0.0
WIDEMAN,CHRIS,D,45,CHRIS WIDEMAN,5.0,1.0,0.0,4.0,3.0,1.0,1.0,0.0,5.0,5.0,0.0,0.0
MORROW,JOE,D,45,JOE MORROW,9.0,4.0,2.0,3.0,2.0,3.0,4.0,0.0,8.0,9.0,0.0,0.0
BARBERIO,MARK,D,45,MARK BARBERIO,11.0,3.0,2.0,6.0,1.0,2.0,6.0,2.0,8.0,10.0,1.0,0.0
VATANEN,SAMI,D,45,SAMI VATANEN,34.0,8.0,3.0,23.0,13.0,8.0,13.0,0.0,26.0,26.0,3.0,5.0
ELLIOTT,STEFAN,D,45,STEFAN ELLIOTT,4.0,0.0,1.0,3.0,2.0,1.0,1.0,0.0,4.0,4.0,0.0,0.0
LABARBERA,JASON,G,45,JASON LABARBERA,0.0,0.0,0.0,0.0,0.0,0.0,0.0,0.0,0.0,0.0,0.0,0.0
BERNIER,JONATHAN,G,45,JONATHAN BERNIER,0.0,0.0,0.0,0.0,0.0,0.0,0.0,0.0,0.0,0.0,0.0,0.0
HELLBERG,MAGNUS,G,45,MAGNUS HELLBERG,0.0,0.0,0.0,0.0,0.0,0.0,0.0,0.0,0.0,0.0,0.0,0.0
EVERBERG,DENNIS,R,45,DENNIS EVERBERG,0.0,0.0,0.0,0.0,0.0,0.0,0.0,0.0,0.0,0.0,0.0,0.0
ARCHIBALD,JOSH,R,45,JOSH ARCHIBALD,0.0,0.0,0.0,0.0,0.0,0.0,0.0,0.0,0.0,0.0,0.0,0.0
THOMPSON,PAUL,R,45,PAUL THOMPSON,1.0,0.0,1.0,0.0,1.0,0.0,0.0,0.0,1.0,1.0,0.0,0.0
KREJCI,DAVID,C,46,DAVID KREJCI,36.0,11.0,9.0,16.0,12.0,9.0,14.0,1.0,29.0,32.0,0.0,4.0
WELSH,JEREMY,C,46,JEREMY WELSH,1.0,1.0,0.0,0.0,0.0,0.0,1.0,0.0,1.0,1.0,0.0,0.0
LATTA,MICHAEL,C,46,MICHAEL LATTA,8.0,4.0,2.0,2.0,2.0,3.0,3.0,0.0,8.0,8.0,0.0,0.0
GORMLEY,BRANDON,D,46,BRANDON GORMLEY,5.0,0.0,1.0,4.0,0.0,2.0,3.0,0.0,5.0,5.0,0.0,0.0
FRANSON,CODY,D,46,CODY FRANSON,14.0,6.0,1.0,7.0,4.0,6.0,4.0,0.0,10.0,10.0,2.0,2.0
KUKAN,DEAN,D,46,DEAN KUKAN,4.0,0.0,1.0,3.0,0.0,2.0,2.0,0.0,4.0,4.0,0.0,0.0
SPURGEON,JARED,D,46,JARED SPURGEON,19.0,2.0,1.0,16.0,7.0,5.0,7.0,0.0,15.0,16.0,1.0,2.0
WIERCIOCH,PATRICK,D,46,PATRICK WIERCIOCH,7.0,0.0,2.0,5.0,0.0,2.0,5.0,0.0,7.0,7.0,0.0,0.0
POLAK,ROMAN,D,46,ROMAN POLAK,17.0,1.0,0.0,16.0,5.0,8.0,4.0,0.0,9.0,9.0,0.0,8.0
CARRICK,TREVOR,D,46,TREVOR CARRICK,4.0,1.0,0.0,3.0,2.0,2.0,0.0,0.0,3.0,3.0,1.0,0.0
HRIVIK,MAREK,L,46,MAREK HRIVIK,0.0,0.0,0.0,0.0,0.0,0.0,0.0,0.0,0.0,0.0,0.0,0.0
LIPON,JC,R,46,JC LIPON,1.0,1.0,0.0,0.0,0.0,0.0,1.0,0.0,1.0,1.0,0.0,0.0
BLUNDEN,MIKE,R,46,MIKE BLUNDEN,1.0,0.0,0.0,1.0,0.0,0.0,1.0,0.0,1.0,1.0,0.0,0.0
SISLO,MIKE,R,46,MIKE SISLO,3.0,1.0,2.0,0.0,2.0,0.0,1.0,0.0,2.0,2.0,1.0,0.0
LINDBERG,TOBIAS,R,46,TOBIAS LINDBERG,2.0,2.0,0.0,0.0,1.0,0.0,1.0,0.0,2.0,2.0,0.0,0.0
BERTSCHY,CHRISTOPH,C,47,CHRISTOPH BERTSCHY,0.0,0.0,0.0,0.0,0.0,0.0,0.0,0.0,0.0,0.0,0.0,0.0
KOMAROV,LEO,C,47,LEO KOMAROV,42.0,21.0,4.0,17.0,12.0,17.0,12.0,1.0,34.0,36.0,2.0,4.0
GRANT,ALEX,D,47,ALEX GRANT,1.0,0.0,1.0,0.0,0.0,1.0,0.0,0.0,1.0,1.0,0.0,0.0
MARCHENKO,ALEXEY,D,47,ALEXEY MARCHENKO,7.0,0.0,1.0,6.0,3.0,2.0,2.0,0.0,6.0,6.0,0.0,1.0
MACDONALD,ANDREW,D,47,ANDREW MACDONALD,4.0,0.0,0.0,4.0,1.0,1.0,2.0,0.0,3.0,4.0,0.0,0.0
PROUT,DALTON,D,47,DALTON PROUT,7.0,0.0,2.0,5.0,1.0,1.0,5.0,0.0,6.0,6.0,0.0,1.0
WARSOFSKY,DAVID,D,47,DAVID WARSOFSKY,4.0,1.0,1.0,2.0,1.0,0.0,2.0,1.0,2.0,3.0,1.0,0.0
LINDHOLM,HAMPUS,D,47,HAMPUS LINDHOLM,18.0,4.0,2.0,12.0,6.0,6.0,5.0,1.0,15.0,16.0,0.0,2.0
ODUYA,JOHNNY,D,47,JOHNNY ODUYA,23.0,0.0,3.0,20.0,5.0,8.0,10.0,0.0,20.0,21.0,0.0,2.0
JORDAN,MICHAL,D,47,MICHAL JORDAN,6.0,1.0,3.0,2.0,2.0,3.0,1.0,0.0,4.0,4.0,0.0,2.0
KRUG,TOREY,D,47,TOREY KRUG,20.0,2.0,4.0,14.0,4.0,11.0,4.0,1.0,15.0,17.0,3.0,0.0
BOGOSIAN,ZACH,D,47,ZACH BOGOSIAN,17.0,3.0,3.0,11.0,6.0,5.0,6.0,0.0,13.0,13.0,1.0,3.0
BAERTSCHI,SVEN,L,47,SVEN BAERTSCHI,26.0,7.0,9.0,10.0,10.0,7.0,9.0,0.0,24.0,25.0,1.0,0.0
SESTITO,TOM,L,47,TOM SESTITO,0.0,0.0,0.0,0.0,0.0,0.0,0.0,0.0,0.0,0.0,0.0,0.0
VERMIN,JOEL,R,47,JOEL VERMIN,0.0,0.0,0.0,0.0,0.0,0.0,0.0,0.0,0.0,0.0,0.0,0.0
SUTTER,BRODY,C,48,BRODY SUTTER,1.0,0.0,1.0,0.0,0.0,0.0,1.0,0.0,1.0,1.0,0.0,0.0
SHINKARUK,HUNTER,C,48,HUNTER SHINKARUK,1.0,0.0,0.0,1.0,0.0,1.0,0.0,0.0,1.0,1.0,0.0,0.0
HERTL,TOMAS,C,48,TOMAS HERTL,35.0,11.0,12.0,12.0,18.0,6.0,10.0,1.0,30.0,34.0,0.0,1.0
KENNEDY,TYLER,C,48,TYLER KENNEDY,16.0,11.0,2.0,3.0,9.0,4.0,3.0,0.0,15.0,15.0,1.0,0.0
HINOSTROZA,VINCENT,C,48,VINCENT HINOSTROZA,3.0,2.0,1.0,0.0,1.0,0.0,2.0,0.0,2.0,3.0,0.0,0.0
CAMPBELL,ANDREW,D,48,ANDREW CAMPBELL,1.0,1.0,0.0,0.0,1.0,0.0,0.0,0.0,1.0,1.0,0.0,0.0
MILLER,COLIN,D,48,COLIN MILLER,6.0,1.0,1.0,4.0,1.0,4.0,1.0,0.0,6.0,6.0,0.0,0.0
LINDBOHM,PETTERI,D,48,PETTERI LINDBOHM,2.0,0.0,0.0,2.0,0.0,1.0,1.0,0.0,2.0,2.0,0.0,0.0
MARTINOOK,JORDAN,L,48,JORDAN MARTINOOK,52.0,16.0,16.0,20.0,16.0,21.0,15.0,0.0,36.0,37.0,0.0,15.0
SHAW,LOGAN,R,48,LOGAN SHAW,21.0,8.0,10.0,3.0,6.0,5.0,10.0,0.0,18.0,18.0,1.0,2.0
SIMON,DOMINIK,C,49,DOMINIK SIMON,0.0,0.0,0.0,0.0,0.0,0.0,0.0,0.0,0.0,0.0,0.0,0.0
RASK,VICTOR,C,49,VICTOR RASK,42.0,13.0,15.0,14.0,16.0,11.0,13.0,2.0,38.0,41.0,1.0,0.0
CLAESSON,FREDRIK,D,49,FREDRIK CLAESSON,9.0,3.0,2.0,4.0,2.0,4.0,3.0,0.0,9.0,9.0,0.0,0.0
LEIGHTON,MICHAEL,G,49,MICHAEL LEIGHTON,0.0,0.0,0.0,0.0,0.0,0.0,0.0,0.0,0.0,0.0,0.0,0.0
LEIPSIC,BRENDAN,L,49,BRENDAN LEIPSIC,3.0,1.0,1.0,1.0,1.0,1.0,1.0,0.0,3.0,3.0,0.0,0.0
TANGRADI,ERIC,L,49,ERIC TANGRADI,0.0,0.0,0.0,0.0,0.0,0.0,0.0,0.0,0.0,0.0,0.0,0.0
MERSCH,MICHAEL,L,49,MICHAEL MERSCH,3.0,2.0,1.0,0.0,0.0,1.0,2.0,0.0,3.0,3.0,0.0,0.0
GALIEV,STANISLAV,R,49,STANISLAV GALIEV,6.0,4.0,2.0,0.0,2.0,1.0,3.0,0.0,6.0,6.0,0.0,0.0
EKBLAD,AARON,D,5,AARON EKBLAD,24.0,2.0,9.0,13.0,3.0,12.0,9.0,0.0,18.0,20.0,1.0,3.0
LARSSON,ADAM,D,5,ADAM LARSSON,22.0,2.0,3.0,17.0,8.0,10.0,4.0,0.0,19.0,19.0,0.0,3.0
JACKMAN,BARRET,D,5,BARRET JACKMAN,8.0,1.0,4.0,3.0,4.0,4.0,0.0,0.0,8.0,8.0,0.0,0.0
RUHWEDEL,CHAD,D,5,CHAD RUHWEDEL,0.0,0.0,0.0,0.0,0.0,0.0,0.0,0.0,0.0,0.0,0.0,0.0
FOLIN,CHRISTIAN,D,5,CHRISTIAN FOLIN,4.0,0.0,1.0,3.0,2.0,2.0,0.0,0.0,4.0,4.0,0.0,0.0
CECI,CODY,D,5,CODY CECI,15.0,0.0,3.0,12.0,5.0,4.0,6.0,0.0,12.0,13.0,0.0,2.0
MURPHY,CONNOR,D,5,CONNOR MURPHY,21.0,5.0,2.0,14.0,8.0,4.0,8.0,1.0,16.0,20.0,0.0,1.0
GIRARDI,DAN,D,5,DAN GIRARDI,23.0,4.0,1.0,18.0,9.0,9.0,5.0,0.0,19.0,19.0,2.0,2.0
RUNDBLAD,DAVID,D,5,DAVID RUNDBLAD,4.0,0.0,0.0,4.0,1.0,3.0,0.0,0.0,4.0,4.0,0.0,0.0
MCBAIN,JAMIE,D,5,JAMIE MCBAIN,2.0,0.0,0.0,2.0,1.0,1.0,0.0,0.0,2.0,2.0,0.0,0.0
OLEKSIAK,JAMIE,D,5,JAMIE OLEKSIAK,4.0,1.0,2.0,1.0,0.0,3.0,1.0,0.0,4.0,4.0,0.0,0.0
GARRISON,JASON,D,5,JASON GARRISON,15.0,4.0,1.0,10.0,4.0,7.0,4.0,0.0,12.0,12.0,0.0,3.0
HOLZER,KORBINIAN,D,5,KORBINIAN HOLZER,2.0,0.0,0.0,2.0,2.0,0.0,0.0,0.0,1.0,1.0,0.0,1.0
SBISA,LUCA,D,5,LUCA SBISA,5.0,0.0,0.0,5.0,3.0,1.0,1.0,0.0,5.0,5.0,0.0,0.0
FAYNE,MARK,D,5,MARK FAYNE,13.0,0.0,2.0,11.0,4.0,4.0,5.0,0.0,13.0,13.0,0.0,0.0
GIORDANO,MARK,D,5,MARK GIORDANO,45.0,6.0,6.0,33.0,18.0,13.0,11.0,3.0,32.0,35.0,5.0,5.0
STUART,MARK,D,5,MARK STUART,3.0,1.0,1.0,1.0,1.0,2.0,0.0,0.0,3.0,3.0,0.0,0.0
GUENIN,NATE,D,5,NATE GUENIN,2.0,0.0,0.0,2.0,1.0,0.0,1.0,0.0,1.0,1.0,0.0,1.0
HANIFIN,NOAH,D,5,NOAH HANIFIN,42.0,9.0,8.0,25.0,12.0,13.0,14.0,3.0,31.0,35.0,6.0,1.0
VERMETTE,ANTOINE,C,50,ANTOINE VERMETTE,27.0,9.0,10.0,8.0,9.0,8.0,9.0,1.0,20.0,21.0,3.0,3.0
GAUNCE,BRENDAN,C,50,BRENDAN GAUNCE,11.0,2.0,3.0,6.0,6.0,4.0,0.0,1.0,5.0,6.0,0.0,5.0
TIERNEY,CHRIS,C,50,CHRIS TIERNEY,31.0,13.0,8.0,10.0,8.0,15.0,8.0,0.0,26.0,26.0,0.0,5.0
PELECH,ADAM,D,50,ADAM PELECH,1.0,0.0,0.0,1.0,0.0,0.0,1.0,0.0,0.0,0.0,0.0,1.0
SIELOFF,PATRICK,D,50,PATRICK SIELOFF,0.0,0.0,0.0,0.0,0.0,0.0,0.0,0.0,0.0,0.0,0.0,0.0
PERCY,STUART,D,50,STUART PERCY,1.0,0.0,0.0,1.0,1.0,0.0,0.0,0.0,1.0,1.0,0.0,0.0
CRAWFORD,COREY,G,50,COREY CRAWFORD,0.0,0.0,0.0,0.0,0.0,0.0,0.0,0.0,0.0,0.0,0.0,0.0
GUSTAVSSON,JONAS,G,50,JONAS GUSTAVSSON,0.0,0.0,0.0,0.0,0.0,0.0,0.0,0.0,0.0,0.0,0.0,0.0
BINNINGTON,JORDAN,G,50,JORDAN BINNINGTON,0.0,0.0,0.0,0.0,0.0,0.0,0.0,0.0,0.0,0.0,0.0,0.0
GUDLEVSKIS,KRISTERS,G,50,KRISTERS GUDLEVSKIS,0.0,0.0,0.0,0.0,0.0,0.0,0.0,0.0,0.0,0.0,0.0,0.0
LIEUWEN,NATHAN,G,50,NATHAN LIEUWEN,0.0,0.0,0.0,0.0,0.0,0.0,0.0,0.0,0.0,0.0,0.0,0.0
MICHALEK,STEVE,G,50,STEVE MICHALEK,0.0,0.0,0.0,0.0,0.0,0.0,0.0,0.0,0.0,0.0,0.0,0.0
LANDER,ANTON,C,51,ANTON LANDER,23.0,9.0,6.0,8.0,14.0,3.0,6.0,0.0,17.0,17.0,0.0,6.0
DESHARNAIS,DAVID,C,51,DAVID DESHARNAIS,27.0,10.0,8.0,9.0,7.0,15.0,5.0,0.0,24.0,26.0,1.0,0.0
NIELSEN,FRANS,C,51,FRANS NIELSEN,30.0,5.0,6.0,19.0,11.0,10.0,9.0,0.0,24.0,27.0,0.0,3.0
SPOONER,RYAN,C,51,RYAN SPOONER,25.0,10.0,6.0,9.0,9.0,8.0,8.0,0.0,24.0,24.0,1.0,0.0
KALININ,SERGEY,C,51,SERGEY KALININ,25.0,13.0,7.0,5.0,8.0,11.0,6.0,0.0,22.0,22.0,2.0,1.0
FILPPULA,VALTTERI,C,51,VALTTERI FILPPULA,30.0,12.0,8.0,10.0,12.0,8.0,10.0,0.0,23.0,24.0,2.0,4.0
CAMPBELL,BRIAN,D,51,BRIAN CAMPBELL,23.0,3.0,4.0,16.0,13.0,5.0,5.0,0.0,17.0,20.0,0.0,3.0
POULIOT,DERRICK,D,51,DERRICK POULIOT,6.0,0.0,2.0,4.0,1.0,3.0,2.0,0.0,6.0,6.0,0.0,0.0
TYUTIN,FEDOR,D,51,FEDOR TYUTIN,7.0,0.0,3.0,4.0,3.0,3.0,1.0,0.0,5.0,5.0,0.0,2.0
GARDINER,JAKE,D,51,JAKE GARDINER,33.0,5.0,5.0,23.0,6.0,13.0,14.0,0.0,30.0,31.0,1.0,1.0
WATSON,AUSTIN,L,51,AUSTIN WATSON,11.0,5.0,4.0,2.0,3.0,4.0,4.0,0.0,9.0,9.0,0.0,2.0
AGOSTINO,KENNY,L,51,KENNY AGOSTINO,2.0,2.0,0.0,0.0,1.0,0.0,1.0,0.0,2.0,2.0,0.0,0.0
HOLLOWAY,BUD,C,52,BUD HOLLOWAY,2.0,1.0,0.0,1.0,1.0,1.0,0.0,0.0,2.0,2.0,0.0,0.0
COUSINS,NICK,C,52,NICK COUSINS,18.0,9.0,3.0,6.0,7.0,5.0,6.0,0.0,18.0,18.0,0.0,0.0
GUSTAFSSON,ERIK,D,52,ERIK GUSTAFSSON,9.0,2.0,0.0,7.0,3.0,3.0,2.0,1.0,7.0,8.0,1.0,0.0
ERICSSON,JONATHAN,D,52,JONATHAN ERICSSON,14.0,2.0,7.0,5.0,8.0,3.0,3.0,0.0,9.0,9.0,0.0,5.0
MARINCIN,MARTIN,D,52,MARTIN MARINCIN,25.0,2.0,5.0,18.0,9.0,7.0,9.0,0.0,18.0,19.0,0.0,6.0
IRWIN,MATT,D,52,MATT IRWIN,0.0,0.0,0.0,0.0,0.0,0.0,0.0,0.0,0.0,0.0,0.0,0.0
BOLLIG,BRANDON,L,52,BRANDON BOLLIG,11.0,2.0,7.0,2.0,5.0,3.0,3.0,0.0,11.0,11.0,0.0,0.0
JOHNSTON,ROSS,L,52,ROSS JOHNSTON,2.0,1.0,1.0,0.0,2.0,0.0,0.0,0.0,1.0,1.0,0.0,1.0
FASCHING,HUDSON,R,52,HUDSON FASCHING,4.0,3.0,1.0,0.0,1.0,1.0,2.0,0.0,4.0,4.0,0.0,0.0
HORVAT,BO,C,53,BO HORVAT,27.0,15.0,3.0,9.0,8.0,9.0,10.0,0.0,22.0,22.0,0.0,5.0
CIZIKAS,CASEY,C,53,CASEY CIZIKAS,58.0,15.0,11.0,32.0,16.0,18.0,24.0,0.0,44.0,46.0,0.0,12.0
KNIGHT,CORBAN,C,53,CORBAN KNIGHT,6.0,1.0,1.0,4.0,2.0,3.0,1.0,0.0,6.0,6.0,0.0,0.0
SKINNER,JEFF,C,53,JEFF SKINNER,77.0,49.0,18.0,10.0,23.0,21.0,32.0,1.0,71.0,75.0,2.0,0.0
CARRICK,SAM,C,53,SAM CARRICK,0.0,0.0,0.0,0.0,0.0,0.0,0.0,0.0,0.0,0.0,0.0,0.0
COLLINS,SEAN,C,53,SEAN COLLINS,0.0,0.0,0.0,0.0,0.0,0.0,0.0,0.0,0.0,0.0,0.0,0.0
GRIFFITH,SETH,C,53,SETH GRIFFITH,0.0,0.0,0.0,0.0,0.0,0.0,0.0,0.0,0.0,0.0,0.0,0.0
GRAVEL,KEVIN,D,53,KEVIN GRAVEL,0.0,0.0,0.0,0.0,0.0,0.0,0.0,0.0,0.0,0.0,0.0,0.0
WITKOWSKI,LUKE,D,53,LUKE WITKOWSKI,0.0,0.0,0.0,0.0,0.0,0.0,0.0,0.0,0.0,0.0,0.0,0.0
GOSTISBEHERE,SHAYNE,D,53,SHAYNE GOSTISBEHERE,28.0,8.0,7.0,13.0,6.0,11.0,11.0,0.0,24.0,26.0,2.0,0.0
THEODORE,SHEA,D,53,SHEA THEODORE,10.0,0.0,0.0,10.0,3.0,4.0,3.0,0.0,7.0,7.0,0.0,3.0
MOZIK,VOJTECH,D,53,VOJTECH MOZIK,0.0,0.0,0.0,0.0,0.0,0.0,0.0,0.0,0.0,0.0,0.0,0.0
MASHINTER,BRANDON,L,53,BRANDON MASHINTER,6.0,1.0,5.0,0.0,2.0,3.0,1.0,0.0,6.0,6.0,0.0,0.0
LESSIO,LUCAS,L,53,LUCAS LESSIO,2.0,1.0,0.0,1.0,1.0,1.0,0.0,0.0,2.0,2.0,0.0,0.0
GAUTHIER,FREDERIK,C,54,FREDERIK GAUTHIER,1.0,0.0,0.0,1.0,1.0,0.0,0.0,0.0,0.0,0.0,0.0,1.0
MCQUAID,ADAM,D,54,ADAM MCQUAID,7.0,2.0,1.0,4.0,4.0,1.0,2.0,0.0,7.0,7.0,0.0,0.0
PESCE,BRETT,D,54,BRETT PESCE,43.0,8.0,9.0,26.0,17.0,14.0,12.0,0.0,38.0,40.0,1.0,2.0
HUDON,CHARLES,L,54,CHARLES HUDON,2.0,2.0,0.0,0.0,0.0,2.0,0.0,0.0,2.0,2.0,0.0,0.0
KHAIRA,JUJHAR,L,54,JUJHAR KHAIRA,6.0,5.0,0.0,1.0,3.0,2.0,1.0,0.0,6.0,6.0,0.0,0.0
BULMER,BRETT,R,54,BRETT BULMER,0.0,0.0,0.0,0.0,0.0,0.0,0.0,0.0,0.0,0.0,0.0,0.0
LETESTU,MARK,C,55,MARK LETESTU,28.0,11.0,2.0,15.0,13.0,7.0,8.0,0.0,17.0,19.0,1.0,8.0
SCHEIFELE,MARK,C,55,MARK SCHEIFELE,61.0,25.0,12.0,24.0,30.0,14.0,12.0,5.0,53.0,60.0,1.0,0.0
ACCIARI,NOEL,C,55,NOEL ACCIARI,1.0,0.0,0.0,1.0,1.0,0.0,0.0,0.0,1.0,1.0,0.0,0.0
NESS,AARON,D,55,AARON NESS,0.0,0.0,0.0,0.0,0.0,0.0,0.0,0.0,0.0,0.0,0.0,0.0
BIEGA,ALEX,D,55,ALEX BIEGA,8.0,4.0,1.0,3.0,4.0,2.0,2.0,0.0,8.0,8.0,0.0,0.0
COBURN,BRAYDON,D,55,BRAYDON COBURN,17.0,2.0,4.0,11.0,7.0,6.0,4.0,0.0,13.0,14.0,0.0,3.0
SUMMERS,CHRIS,D,55,CHRIS SUMMERS,0.0,0.0,0.0,0.0,0.0,0.0,0.0,0.0,0.0,0.0,0.0,0.0
PARAYKO,COLTON,D,55,COLTON PARAYKO,33.0,3.0,8.0,22.0,12.0,7.0,14.0,0.0,29.0,31.0,0.0,2.0
SCHULTZ,JEFF,D,55,JEFF SCHULTZ,0.0,0.0,0.0,0.0,0.0,0.0,0.0,0.0,0.0,0.0,0.0,0.0
RAMAGE,JOHN,D,55,JOHN RAMAGE,0.0,0.0,0.0,0.0,0.0,0.0,0.0,0.0,0.0,0.0,0.0,0.0
BOYCHUK,JOHNNY,D,55,JOHNNY BOYCHUK,21.0,5.0,3.0,13.0,11.0,7.0,3.0,0.0,19.0,19.0,0.0,2.0
SCHULTZ,NICK,D,55,NICK SCHULTZ,4.0,0.0,1.0,3.0,2.0,1.0,1.0,0.0,3.0,3.0,0.0,1.0
KRONWALL,NIKLAS,D,55,NIKLAS KRONWALL,9.0,3.0,0.0,6.0,4.0,0.0,4.0,1.0,6.0,8.0,1.0,0.0
RISTOLAINEN,RASMUS,D,55,RASMUS RISTOLAINEN,20.0,4.0,0.0,16.0,8.0,6.0,5.0,1.0,14.0,15.0,1.0,4.0
LOOV,VIKTOR,D,55,VIKTOR LOOV,0.0,0.0,0.0,0.0,0.0,0.0,0.0,0.0,0.0,0.0,0.0,0.0
MCLEOD,CODY,L,55,CODY MCLEOD,6.0,2.0,1.0,3.0,2.0,1.0,3.0,0.0,6.0,6.0,0.0,0.0
ROBINSON,BUDDY,R,55,BUDDY ROBINSON,0.0,0.0,0.0,0.0,0.0,0.0,0.0,0.0,0.0,0.0,0.0,0.0
FRIESEN,ALEX,C,56,ALEX FRIESEN,1.0,1.0,0.0,0.0,0.0,1.0,0.0,0.0,1.0,1.0,0.0,0.0
FROESE,BYRON,C,56,BYRON FROESE,20.0,7.0,4.0,9.0,6.0,9.0,5.0,0.0,15.0,16.0,0.0,4.0
DANO,MARKO,C,56,MARKO DANO,10.0,5.0,2.0,3.0,3.0,4.0,3.0,0.0,10.0,10.0,0.0,0.0
MATHESON,MICHAEL,D,56,MICHAEL MATHESON,1.0,0.0,1.0,0.0,0.0,1.0,0.0,0.0,1.0,1.0,0.0,0.0
CROSS,TOMMY,D,56,TOMMY CROSS,0.0,0.0,0.0,0.0,0.0,0.0,0.0,0.0,0.0,0.0,0.0,0.0
PIETILA,BLAKE,L,56,BLAKE PIETILA,0.0,0.0,0.0,0.0,0.0,0.0,0.0,0.0,0.0,0.0,0.0,0.0
WOODS,BRENDAN,L,56,BRENDAN WOODS,1.0,1.0,0.0,0.0,1.0,0.0,0.0,0.0,1.0,1.0,0.0,0.0
HAULA,ERIK,L,56,ERIK HAULA,34.0,13.0,14.0,7.0,11.0,12.0,11.0,0.0,27.0,28.0,0.0,6.0
FIALA,KEVIN,L,56,KEVIN FIALA,0.0,0.0,0.0,0.0,0.0,0.0,0.0,0.0,0.0,0.0,0.0,0.0
PAAJARVI,MAGNUS,L,56,MAGNUS PAAJARVI,8.0,4.0,1.0,3.0,2.0,2.0,4.0,0.0,7.0,7.0,0.0,1.0
BECK,TAYLOR,L,56,TAYLOR BECK,0.0,0.0,0.0,0.0,0.0,0.0,0.0,0.0,0.0,0.0,0.0,0.0
PULKKINEN,TEEMU,L,56,TEEMU PULKKINEN,12.0,9.0,1.0,2.0,1.0,5.0,6.0,0.0,11.0,11.0,1.0,0.0
BAILEY,JUSTIN,R,56,JUSTIN BAILEY,4.0,2.0,1.0,1.0,2.0,1.0,1.0,0.0,4.0,4.0,0.0,0.0
GRANT,DEREK,C,57,DEREK GRANT,3.0,2.0,0.0,1.0,1.0,1.0,1.0,0.0,3.0,3.0,0.0,0.0
WINGELS,TOMMY,C,57,TOMMY WINGELS,21.0,9.0,5.0,7.0,11.0,6.0,4.0,0.0,18.0,18.0,0.0,3.0
VAN RIEMSDYK,TREVOR,D,57,TREVOR VAN RIEMSDYK,17.0,4.0,3.0,10.0,4.0,4.0,8.0,1.0,14.0,16.0,0.0,1.0
MYERS,TYLER,D,57,TYLER MYERS,45.0,8.0,8.0,29.0,18.0,12.0,15.0,0.0,31.0,33.0,4.0,8.0
PERRON,DAVID,L,57,DAVID PERRON,22.0,15.0,2.0,5.0,7.0,11.0,4.0,0.0,20.0,20.0,2.0,0.0
BOURQUE,GABRIEL,L,57,GABRIEL BOURQUE,3.0,1.0,2.0,0.0,3.0,0.0,0.0,0.0,2.0,2.0,0.0,1.0
MILLER,ANDREW,C,58,ANDREW MILLER,1.0,1.0,0.0,0.0,0.0,1.0,0.0,0.0,1.0,1.0,0.0,0.0
CARRICK,CONNOR,D,58,CONNOR CARRICK,6.0,2.0,0.0,4.0,2.0,1.0,3.0,0.0,5.0,6.0,0.0,0.0
SAVARD,DAVID,D,58,DAVID SAVARD,14.0,4.0,0.0,10.0,2.0,7.0,5.0,0.0,10.0,11.0,2.0,1.0
LETANG,KRIS,D,58,KRIS LETANG,47.0,6.0,7.0,34.0,15.0,11.0,19.0,2.0,35.0,37.0,5.0,5.0
KYLINGTON,OLIVER,D,58,OLIVER KYLINGTON,0.0,0.0,0.0,0.0,0.0,0.0,0.0,0.0,0.0,0.0,0.0,0.0
FEDUN,TAYLOR,D,58,TAYLOR FEDUN,0.0,0.0,0.0,0.0,0.0,0.0,0.0,0.0,0.0,0.0,0.0,0.0
LEIER,TAYLOR,L,58,TAYLOR LEIER,3.0,0.0,1.0,2.0,1.0,0.0,2.0,0.0,3.0,3.0,0.0,0.0
SCHALLER,TIM,C,59,TIM SCHALLER,3.0,0.0,1.0,2.0,2.0,1.0,0.0,0.0,2.0,2.0,0.0,1.0
JOSI,ROMAN,D,59,ROMAN JOSI,21.0,5.0,0.0,16.0,5.0,8.0,8.0,0.0,15.0,17.0,1.0,3.0
DZIURZYNSKI,DAVE,L,59,DAVE DZIURZYNSKI,2.0,0.0,2.0,0.0,1.0,0.0,1.0,0.0,2.0,2.0,0.0,0.0
BURMISTROV,ALEXANDER,C,6,ALEXANDER BURMISTROV,36.0,18.0,8.0,10.0,11.0,13.0,11.0,1.0,28.0,29.0,1.0,6.0
PETROVIC,ALEX,D,6,ALEX PETROVIC,9.0,0.0,2.0,7.0,2.0,2.0,5.0,0.0,8.0,8.0,0.0,1.0
GREENE,ANDY,D,6,ANDY GREENE,26.0,1.0,2.0,23.0,8.0,10.0,7.0,1.0,19.0,22.0,0.0,4.0
STRALMAN,ANTON,D,6,ANTON STRALMAN,26.0,6.0,5.0,15.0,5.0,8.0,13.0,0.0,22.0,23.0,1.0,2.0
WIDEMAN,DENNIS,D,6,DENNIS WIDEMAN,14.0,0.0,4.0,10.0,5.0,4.0,5.0,0.0,11.0,12.0,0.0,2.0
MCILRATH,DYLAN,D,6,DYLAN MCILRATH,9.0,3.0,2.0,4.0,5.0,1.0,3.0,0.0,9.0,9.0,0.0,0.0
JOHNSON,ERIK,D,6,ERIK JOHNSON,30.0,4.0,9.0,17.0,10.0,14.0,6.0,0.0,24.0,25.0,1.0,4.0
PATERYN,GREG,D,6,GREG PATERYN,12.0,3.0,0.0,9.0,5.0,3.0,4.0,0.0,11.0,11.0,0.0,1.0
MUZZIN,JAKE,D,6,JAKE MUZZIN,13.0,0.0,1.0,12.0,2.0,6.0,5.0,0.0,9.0,11.0,0.0,2.0
EDMUNDSON,JOEL,D,6,JOEL EDMUNDSON,7.0,1.0,2.0,4.0,2.0,3.0,2.0,0.0,7.0,7.0,0.0,0.0
SCANDELLA,MARCO,D,6,MARCO SCANDELLA,23.0,3.0,2.0,18.0,9.0,10.0,3.0,1.0,18.0,20.0,1.0,2.0
WEBER,MIKE,D,6,MIKE WEBER,2.0,0.0,0.0,2.0,2.0,0.0,0.0,0.0,2.0,2.0,0.0,0.0
PULOCK,RYAN,D,6,RYAN PULOCK,3.0,1.0,0.0,2.0,1.0,1.0,1.0,0.0,3.0,3.0,0.0,0.0
WEBER,SHEA,D,6,SHEA WEBER,19.0,3.0,3.0,13.0,7.0,8.0,3.0,1.0,8.0,9.0,3.0,7.0
DALEY,TREVOR,D,6,TREVOR DALEY,17.0,3.0,2.0,12.0,4.0,8.0,5.0,0.0,14.0,16.0,1.0,0.0
WEBER,YANNICK,D,6,YANNICK WEBER,10.0,0.0,5.0,5.0,2.0,3.0,5.0,0.0,10.0,10.0,0.0,0.0
RYAN,BOBBY,R,6,BOBBY RYAN,52.0,20.0,16.0,16.0,17.0,20.0,12.0,3.0,47.0,50.0,2.0,0.0
GRANLUND,MARKUS,C,60,MARKUS GRANLUND,19.0,8.0,6.0,5.0,10.0,5.0,4.0,0.0,17.0,17.0,0.0,2.0
TREUTLE,NIKLAS,G,60,NIKLAS TREUTLE,0.0,0.0,0.0,0.0,0.0,0.0,0.0,0.0,0.0,0.0,0.0,0.0
BENOIT,ANDRE,D,61,ANDRE BENOIT,0.0,0.0,0.0,0.0,0.0,0.0,0.0,0.0,0.0,0.0,0.0,0.0
KULAK,BRETT,D,61,BRETT KULAK,3.0,1.0,0.0,2.0,0.0,2.0,1.0,0.0,3.0,3.0,0.0,0.0
BRAUN,JUSTIN,D,61,JUSTIN BRAUN,33.0,0.0,1.0,32.0,13.0,10.0,10.0,0.0,29.0,29.0,0.0,4.0
OUELLET,XAVIER,D,61,XAVIER OUELLET,3.0,0.0,0.0,3.0,0.0,3.0,0.0,0.0,3.0,3.0,0.0,0.0
NASH,RICK,L,61,RICK NASH,45.0,18.0,6.0,21.0,18.0,16.0,11.0,0.0,35.0,36.0,2.0,7.0
TOLCHINSKY,SERGEY,L,61,SERGEY TOLCHINSKY,1.0,0.0,0.0,1.0,0.0,0.0,1.0,0.0,1.0,1.0,0.0,0.0
STONE,MARK,R,61,MARK STONE,128.0,48.0,35.0,45.0,50.0,41.0,31.0,6.0,106.0,117.0,0.0,11.0
SUSTR,ANDREJ,D,62,ANDREJ SUSTR,16.0,1.0,2.0,13.0,3.0,7.0,6.0,0.0,13.0,14.0,0.0,2.0
GRYBA,ERIC,D,62,ERIC GRYBA,16.0,1.0,2.0,13.0,4.0,3.0,7.0,2.0,11.0,13.0,0.0,3.0
TROTMAN,ZACH,D,62,ZACH TROTMAN,2.0,0.0,0.0,2.0,1.0,1.0,0.0,0.0,2.0,2.0,0.0,0.0
MARCHAND,BRAD,C,63,BRAD MARCHAND,43.0,20.0,12.0,11.0,19.0,13.0,9.0,2.0,31.0,35.0,0.0,8.0
BOLLAND,DAVE,C,63,DAVE BOLLAND,5.0,2.0,1.0,2.0,0.0,2.0,3.0,0.0,3.0,5.0,0.0,0.0
RIBEIRO,MIKE,C,63,MIKE RIBEIRO,22.0,11.0,4.0,7.0,8.0,7.0,7.0,0.0,21.0,21.0,1.0,0.0
ENNIS,TYLER,C,63,TYLER ENNIS,11.0,7.0,2.0,2.0,7.0,2.0,2.0,0.0,11.0,11.0,0.0,0.0
GABRIEL,KURTIS,R,63,KURTIS GABRIEL,1.0,1.0,0.0,0.0,0.0,1.0,0.0,0.0,1.0,1.0,0.0,0.0
BLANDISI,JOSEPH,C,64,JOSEPH BLANDISI,19.0,9.0,3.0,7.0,5.0,10.0,4.0,0.0,17.0,18.0,1.0,0.0
GRANLUND,MIKAEL,C,64,MIKAEL GRANLUND,51.0,19.0,14.0,18.0,17.0,12.0,20.0,2.0,43.0,46.0,4.0,1.0
HATHAWAY,GARNET,R,64,GARNET HATHAWAY,4.0,2.0,2.0,0.0,3.0,1.0,0.0,0.0,4.0,4.0,0.0,0.0
NOESEN,STEFAN,R,64,STEFAN NOESEN,0.0,0.0,0.0,0.0,0.0,0.0,0.0,0.0,0.0,0.0,0.0,0.0
RANDELL,TYLER,R,64,TYLER RANDELL,6.0,2.0,2.0,2.0,2.0,2.0,2.0,0.0,6.0,6.0,0.0,0.0
SHAW,ANDREW,C,65,ANDREW SHAW,21.0,8.0,6.0,7.0,8.0,7.0,6.0,0.0,20.0,20.0,0.0,1.0
ELSON,TURNER,C,65,TURNER ELSON,0.0,0.0,0.0,0.0,0.0,0.0,0.0,0.0,0.0,0.0,0.0,0.0
GOURDE,YANNI,C,65,YANNI GOURDE,0.0,0.0,0.0,0.0,0.0,0.0,0.0,0.0,0.0,0.0,0.0,0.0
DEKEYSER,DANNY,D,65,DANNY DEKEYSER,17.0,1.0,3.0,13.0,6.0,5.0,6.0,0.0,15.0,16.0,0.0,1.0
KARLSSON,ERIK,D,65,ERIK KARLSSON,61.0,14.0,17.0,30.0,11.0,21.0,21.0,8.0,47.0,57.0,0.0,4.0
HAINSEY,RON,D,65,RON HAINSEY,34.0,5.0,5.0,24.0,13.0,9.0,8.0,4.0,23.0,29.0,0.0,5.0
STOLARZ,ANTHONY,G,65,ANTHONY STOLARZ,0.0,0.0,0.0,0.0,0.0,0.0,0.0,0.0,0.0,0.0,0.0,0.0
BURAKOVSKY,ANDRE,L,65,ANDRE BURAKOVSKY,34.0,19.0,7.0,8.0,16.0,8.0,9.0,1.0,32.0,34.0,0.0,0.0
GRENIER,ALEXANDRE,R,65,ALEXANDRE GRENIER,3.0,1.0,1.0,1.0,3.0,0.0,0.0,0.0,3.0,3.0,0.0,0.0
DOWD,NIC,C,67,NIC DOWD,3.0,2.0,1.0,0.0,1.0,1.0,1.0,0.0,2.0,2.0,0.0,1.0
KERO,TANNER,C,67,TANNER KERO,8.0,3.0,1.0,4.0,5.0,1.0,2.0,0.0,6.0,6.0,0.0,2.0
HARPUR,BEN,D,67,BEN HARPUR,0.0,0.0,0.0,0.0,0.0,0.0,0.0,0.0,0.0,0.0,0.0,0.0
POULIOT,BENOIT,L,67,BENOIT POULIOT,32.0,17.0,5.0,10.0,14.0,9.0,9.0,0.0,26.0,27.0,2.0,3.0
PACIORETTY,MAX,L,67,MAX PACIORETTY,35.0,15.0,7.0,13.0,15.0,11.0,7.0,2.0,26.0,29.0,1.0,5.0
BROWN,CHRIS,R,67,CHRIS BROWN,0.0,0.0,0.0,0.0,0.0,0.0,0.0,0.0,0.0,0.0,0.0,0.0
FROLIK,MICHAEL,R,67,MICHAEL FROLIK,27.0,10.0,8.0,9.0,8.0,6.0,12.0,1.0,20.0,21.0,0.0,6.0
RAKELL,RICKARD,R,67,RICKARD RAKELL,29.0,14.0,8.0,7.0,14.0,4.0,9.0,2.0,23.0,27.0,2.0,0.0
KARLSSON,MELKER,C,68,MELKER KARLSSON,24.0,12.0,9.0,3.0,7.0,9.0,8.0,0.0,19.0,20.0,1.0,3.0
HOFFMAN,MIKE,C,68,MIKE HOFFMAN,44.0,18.0,10.0,16.0,22.0,12.0,8.0,2.0,36.0,40.0,4.0,0.0
JAGR,JAROMIR,R,68,JAROMIR JAGR,33.0,13.0,12.0,8.0,13.0,9.0,11.0,0.0,32.0,32.0,1.0,0.0
COGLIANO,ANDREW,C,7,ANDREW COGLIANO,26.0,11.0,7.0,8.0,12.0,7.0,7.0,0.0,21.0,21.0,0.0,5.0
MITCHELL,JOHN,C,7,JOHN MITCHELL,33.0,10.0,10.0,13.0,12.0,11.0,10.0,0.0,24.0,25.0,0.0,8.0
TURRIS,KYLE,C,7,KYLE TURRIS,16.0,10.0,3.0,3.0,7.0,4.0,4.0,1.0,14.0,15.0,0.0,1.0
CULLEN,MATT,C,7,MATT CULLEN,19.0,9.0,2.0,8.0,7.0,5.0,5.0,2.0,12.0,15.0,0.0,4.0
CHIAROT,BEN,D,7,BEN CHIAROT,15.0,2.0,2.0,11.0,4.0,7.0,4.0,0.0,14.0,14.0,0.0,1.0
SEABROOK,BRENT,D,7,BRENT SEABROOK,19.0,2.0,2.0,15.0,6.0,5.0,8.0,0.0,15.0,15.0,1.0,3.0
FORBORT,DEREK,D,7,DEREK FORBORT,0.0,0.0,0.0,0.0,0.0,0.0,0.0,0.0,0.0,0.0,0.0,0.0
KULIKOV,DMITRY,D,7,DMITRY KULIKOV,31.0,3.0,8.0,20.0,14.0,13.0,4.0,0.0,24.0,27.0,0.0,4.0
JOHNSON,JACK,D,7,JACK JOHNSON,8.0,1.0,0.0,7.0,0.0,4.0,4.0,0.0,7.0,8.0,0.0,0.0
MERRILL,JON,D,7,JON MERRILL,7.0,0.0,2.0,5.0,2.0,3.0,2.0,0.0,7.0,7.0,0.0,0.0
MARTIN,PAUL,D,7,PAUL MARTIN,26.0,1.0,5.0,20.0,8.0,8.0,10.0,0.0,26.0,26.0,0.0,0.0
MURPHY,RYAN,D,7,RYAN MURPHY,11.0,2.0,3.0,6.0,2.0,6.0,3.0,0.0,11.0,11.0,0.0,0.0
BRODIE,TJ,D,7,TJ BRODIE,47.0,3.0,5.0,39.0,15.0,17.0,10.0,5.0,30.0,33.0,2.0,12.0
PORTER,CHRIS,L,7,CHRIS PORTER,15.0,8.0,4.0,3.0,5.0,6.0,4.0,0.0,10.0,10.0,0.0,5.0
VEY,LINDEN,R,7,LINDEN VEY,16.0,5.0,4.0,7.0,10.0,2.0,4.0,0.0,15.0,15.0,0.0,1.0
RASMUSSEN,DENNIS,C,70,DENNIS RASMUSSEN,7.0,5.0,1.0,1.0,3.0,1.0,3.0,0.0,7.0,7.0,0.0,0.0
HOLTBY,BRADEN,G,70,BRADEN HOLTBY,0.0,0.0,0.0,0.0,0.0,0.0,0.0,0.0,0.0,0.0,0.0,0.0
KORPISALO,JOONAS,G,70,JOONAS KORPISALO,0.0,0.0,0.0,0.0,0.0,0.0,0.0,0.0,0.0,0.0,0.0,0.0
SUBBAN,MALCOLM,G,70,MALCOLM SUBBAN,0.0,0.0,0.0,0.0,0.0,0.0,0.0,0.0,0.0,0.0,0.0,0.0
PEARSON,TANNER,L,70,TANNER PEARSON,27.0,12.0,9.0,6.0,10.0,6.0,10.0,1.0,21.0,23.0,0.0,4.0
RENDULIC,BORNA,C,71,BORNA RENDULIC,1.0,1.0,0.0,0.0,1.0,0.0,0.0,0.0,1.0,1.0,0.0,0.0
LARKIN,DYLAN,C,71,DYLAN LARKIN,43.0,20.0,9.0,14.0,17.0,7.0,16.0,3.0,36.0,41.0,1.0,1.0
RODRIGUES,EVAN,C,71,EVAN RODRIGUES,0.0,0.0,0.0,0.0,0.0,0.0,0.0,0.0,0.0,0.0,0.0,0.0
MALKIN,EVGENI,C,71,EVGENI MALKIN,54.0,25.0,13.0,16.0,15.0,14.0,23.0,2.0,49.0,51.0,2.0,1.0
NOLAN,JORDAN,C,71,JORDAN NOLAN,4.0,1.0,0.0,3.0,2.0,2.0,0.0,0.0,4.0,4.0,0.0,0.0
HANLEY,JOEL,D,71,JOEL HANLEY,2.0,0.0,1.0,1.0,0.0,1.0,1.0,0.0,2.0,2.0,0.0,0.0
MELCHIORI,JULIAN,D,71,JULIAN MELCHIORI,2.0,0.0,0.0,2.0,1.0,0.0,1.0,0.0,2.0,2.0,0.0,0.0
FOLIGNO,NICK,L,71,NICK FOLIGNO,27.0,16.0,6.0,5.0,11.0,10.0,6.0,0.0,25.0,25.0,2.0,0.0
ATHANASIOU,ANDREAS,C,72,ANDREAS ATHANASIOU,11.0,4.0,1.0,6.0,3.0,5.0,3.0,0.0,10.0,10.0,0.0,1.0
PANARIN,ARTEMI,C,72,ARTEMI PANARIN,29.0,15.0,3.0,11.0,9.0,8.0,10.0,2.0,25.0,28.0,1.0,0.0
VATRANO,FRANK,C,72,FRANK VATRANO,16.0,7.0,5.0,4.0,5.0,5.0,6.0,0.0,16.0,16.0,0.0,0.0
BOBROVSKY,SERGEI,G,72,SERGEI BOBROVSKY,0.0,0.0,0.0,0.0,0.0,0.0,0.0,0.0,0.0,0.0,0.0,0.0
HORNQVIST,PATRIC,R,72,PATRIC HORNQVIST,28.0,11.0,9.0,8.0,6.0,14.0,8.0,0.0,22.0,26.0,2.0,0.0
KOSMACHUK,SCOTT,R,72,SCOTT KOSMACHUK,1.0,0.0,1.0,0.0,0.0,0.0,1.0,0.0,1.0,1.0,0.0,0.0
TOFFOLI,TYLER,C,73,TYLER TOFFOLI,32.0,15.0,6.0,11.0,12.0,10.0,10.0,0.0,22.0,26.0,0.0,6.0
EMELIN,ALEXEI,D,74,ALEXEI EMELIN,15.0,4.0,2.0,9.0,6.0,5.0,4.0,0.0,12.0,12.0,0.0,3.0
DEMELO,DYLAN,D,74,DYLAN DEMELO,8.0,2.0,3.0,3.0,3.0,3.0,2.0,0.0,7.0,7.0,1.0,0.0
SLAVIN,JACCOB,D,74,JACCOB SLAVIN,54.0,10.0,8.0,36.0,21.0,17.0,12.0,4.0,42.0,47.0,0.0,7.0
CARLSON,JOHN,D,74,JOHN CARLSON,24.0,5.0,7.0,12.0,11.0,11.0,1.0,1.0,19.0,20.0,3.0,1.0
BOROWIECKI,MARK,D,74,MARK BOROWIECKI,3.0,0.0,0.0,3.0,2.0,1.0,0.0,0.0,1.0,1.0,0.0,2.0
KING,DWIGHT,L,74,DWIGHT KING,5.0,1.0,1.0,3.0,1.0,2.0,2.0,0.0,4.0,4.0,0.0,1.0
REAVES,RYAN,R,75,RYAN REAVES,8.0,5.0,2.0,1.0,4.0,2.0,2.0,0.0,8.0,8.0,0.0,0.0
KHOKHLACHEV,ALEX,C,76,ALEX KHOKHLACHEV,0.0,0.0,0.0,0.0,0.0,0.0,0.0,0.0,0.0,0.0,0.0,0.0
VANDEVELDE,CHRIS,C,76,CHRIS VANDEVELDE,21.0,7.0,7.0,7.0,8.0,7.0,6.0,0.0,14.0,14.0,0.0,7.0
DAUPHIN,LAURENT,C,76,LAURENT DAUPHIN,3.0,1.0,1.0,1.0,0.0,1.0,2.0,0.0,3.0,3.0,0.0,0.0
SKJEI,BRADY,D,76,BRADY SKJEI,4.0,0.0,0.0,4.0,0.0,1.0,3.0,0.0,2.0,2.0,0.0,2.0
SUBBAN,P.K.,D,76,P.K. SUBBAN,23.0,7.0,2.0,14.0,8.0,7.0,8.0,0.0,16.0,17.0,4.0,2.0
DE LEO,CHASE,C,77,CHASE DE LEO,0.0,0.0,0.0,0.0,0.0,0.0,0.0,0.0,0.0,0.0,0.0,0.0
CARTER,JEFF,C,77,JEFF CARTER,26.0,11.0,6.0,9.0,10.0,10.0,5.0,1.0,21.0,23.0,1.0,2.0
SGARBOSSA,MICHAEL,C,77,MICHAEL SGARBOSSA,0.0,0.0,0.0,0.0,0.0,0.0,0.0,0.0,0.0,0.0,0.0,0.0
KLEFBOM,OSCAR,D,77,OSCAR KLEFBOM,10.0,3.0,0.0,7.0,3.0,3.0,4.0,0.0,7.0,8.0,1.0,1.0
GILBERT,TOM,D,77,TOM GILBERT,6.0,1.0,0.0,5.0,2.0,2.0,2.0,0.0,2.0,3.0,0.0,3.0
HEDMAN,VICTOR,D,77,VICTOR HEDMAN,48.0,6.0,18.0,24.0,20.0,13.0,15.0,0.0,39.0,40.0,4.0,4.0
OSHIE,T.J.,R,77,T.J. OSHIE,62.0,31.0,13.0,18.0,21.0,23.0,18.0,0.0,45.0,47.0,7.0,8.0
BELLEMARE,PIERRE-EDOUARD,L,78,PIERRE-EDOUARD BELLEMARE,37.0,14.0,11.0,12.0,8.0,7.0,19.0,3.0,26.0,29.0,0.0,8.0
MARKOV,ANDREI,D,79,ANDREI MARKOV,38.0,8.0,7.0,23.0,12.0,10.0,16.0,0.0,27.0,28.0,4.0,6.0
FERLAND,MICHEAL,L,79,MICHEAL FERLAND,37.0,17.0,8.0,12.0,13.0,14.0,10.0,0.0,36.0,36.0,0.0,1.0
COLBORNE,JOE,C,8,JOE COLBORNE,27.0,12.0,8.0,7.0,12.0,12.0,3.0,0.0,23.0,23.0,2.0,2.0
PAVELSKI,JOE,C,8,JOE PAVELSKI,46.0,21.0,17.0,8.0,16.0,10.0,19.0,1.0,36.0,40.0,5.0,1.0
RIEDER,TOBIAS,C,8,TOBIAS RIEDER,31.0,10.0,11.0,10.0,11.0,10.0,9.0,1.0,20.0,23.0,1.0,7.0
DUMOULIN,BRIAN,D,8,BRIAN DUMOULIN,32.0,1.0,3.0,28.0,11.0,10.0,11.0,0.0,27.0,28.0,1.0,3.0
TANEV,CHRISTOPHER,D,8,CHRISTOPHER TANEV,14.0,1.0,0.0,13.0,4.0,7.0,3.0,0.0,11.0,11.0,0.0,3.0
SCHLEMKO,DAVID,D,8,DAVID SCHLEMKO,16.0,2.0,2.0,12.0,3.0,6.0,7.0,0.0,10.0,11.0,1.0,4.0
DOUGHTY,DREW,D,8,DREW DOUGHTY,10.0,1.0,0.0,9.0,2.0,4.0,4.0,0.0,9.0,10.0,0.0,0.0
REINHART,GRIFFIN,D,8,GRIFFIN REINHART,6.0,0.0,1.0,5.0,3.0,0.0,3.0,0.0,5.0,5.0,0.0,1.0
TROUBA,JACOB,D,8,JACOB TROUBA,29.0,8.0,6.0,15.0,7.0,13.0,9.0,0.0,20.0,20.0,3.0,6.0
KLEIN,KEVIN,D,8,KEVIN KLEIN,20.0,2.0,7.0,11.0,5.0,10.0,5.0,0.0,14.0,16.0,1.0,3.0
GRANBERG,PETTER,D,8,PETTER GRANBERG,0.0,0.0,0.0,0.0,0.0,0.0,0.0,0.0,0.0,0.0,0.0,0.0
OVECHKIN,ALEX,L,8,ALEX OVECHKIN,24.0,15.0,6.0,3.0,7.0,6.0,11.0,0.0,19.0,19.0,5.0,0.0
ABDELKADER,JUSTIN,L,8,JUSTIN ABDELKADER,23.0,7.0,6.0,10.0,11.0,6.0,6.0,0.0,12.0,12.0,1.0,10.0
SKILLE,JACK,R,8,JACK SKILLE,17.0,5.0,7.0,5.0,7.0,5.0,5.0,0.0,15.0,15.0,0.0,2.0
TENNYSON,MATT,D,80,MATT TENNYSON,1.0,0.0,0.0,1.0,0.0,1.0,0.0,0.0,1.0,1.0,0.0,0.0
ELLER,LARS,C,81,LARS ELLER,46.0,20.0,10.0,16.0,16.0,11.0,17.0,2.0,35.0,39.0,1.0,6.0
KESSEL,PHIL,C,81,PHIL KESSEL,26.0,15.0,7.0,4.0,9.0,9.0,8.0,0.0,23.0,23.0,3.0,0.0
HOSSA,MARIAN,R,81,MARIAN HOSSA,44.0,15.0,12.0,17.0,22.0,10.0,12.0,0.0,36.0,37.0,2.0,5.0
MEDVEDEV,EVGENY,D,82,EVGENY MEDVEDEV,13.0,1.0,4.0,8.0,2.0,5.0,6.0,0.0,10.0,12.0,0.0,1.0
OESTERLE,JORDAN,D,82,JORDAN OESTERLE,8.0,1.0,0.0,7.0,0.0,5.0,3.0,0.0,5.0,6.0,2.0,0.0
FOLIGNO,MARCUS,L,82,MARCUS FOLIGNO,30.0,15.0,7.0,8.0,13.0,8.0,9.0,0.0,24.0,24.0,1.0,5.0
GOLDOBIN,NIKOLAY,R,82,NIKOLAY GOLDOBIN,3.0,3.0,0.0,0.0,1.0,1.0,1.0,0.0,3.0,3.0,0.0,0.0
BEAGLE,JAY,C,83,JAY BEAGLE,20.0,7.0,6.0,7.0,10.0,2.0,8.0,0.0,13.0,14.0,0.0,6.0
NIETO,MATT,L,83,MATT NIETO,17.0,5.0,7.0,5.0,7.0,6.0,4.0,0.0,15.0,15.0,0.0,2.0
NOSEK,TOMAS,L,83,TOMAS NOSEK,3.0,1.0,0.0,2.0,1.0,2.0,0.0,0.0,2.0,2.0,0.0,1.0
HEMSKY,ALES,R,83,ALES HEMSKY,22.0,12.0,7.0,3.0,9.0,9.0,4.0,0.0,22.0,22.0,0.0,0.0
GRABOVSKI,MIKHAIL,C,84,MIKHAIL GRABOVSKI,28.0,10.0,3.0,15.0,8.0,9.0,11.0,0.0,23.0,27.0,1.0,0.0
PERREAULT,MATHIEU,C,85,MATHIEU PERREAULT,31.0,19.0,6.0,6.0,10.0,11.0,9.0,1.0,27.0,30.0,1.0,0.0
ELLIS,MORGAN,D,85,MORGAN ELLIS,0.0,0.0,0.0,0.0,0.0,0.0,0.0,0.0,0.0,0.0,0.0,0.0
MILLER,KEVAN,D,86,KEVAN MILLER,12.0,1.0,1.0,10.0,7.0,1.0,4.0,0.0,10.0,10.0,0.0,2.0
NIKITIN,NIKITA,D,86,NIKITA NIKITIN,0.0,0.0,0.0,0.0,0.0,0.0,0.0,0.0,0.0,0.0,0.0,0.0
BRICKLEY,CONNOR,L,86,CONNOR BRICKLEY,4.0,3.0,0.0,1.0,0.0,2.0,2.0,0.0,4.0,4.0,0.0,0.0
KULEMIN,NIKOLAY,L,86,NIKOLAY KULEMIN,32.0,9.0,6.0,17.0,10.0,12.0,10.0,0.0,21.0,22.0,0.0,10.0
TERAVAINEN,TEUVO,L,86,TEUVO TERAVAINEN,35.0,14.0,12.0,9.0,14.0,7.0,14.0,0.0,28.0,31.0,0.0,4.0
KUCHEROV,NIKITA,R,86,NIKITA KUCHEROV,34.0,19.0,10.0,5.0,12.0,7.0,14.0,1.0,29.0,32.0,2.0,0.0
CROSBY,SIDNEY,C,87,SIDNEY CROSBY,40.0,19.0,10.0,11.0,14.0,14.0,11.0,1.0,37.0,38.0,2.0,0.0
DAVIDSON,BRANDON,D,88,BRANDON DAVIDSON,19.0,3.0,2.0,14.0,7.0,7.0,5.0,0.0,15.0,15.0,0.0,4.0
BURNS,BRENT,D,88,BRENT BURNS,53.0,7.0,7.0,39.0,21.0,21.0,11.0,0.0,41.0,41.0,2.0,10.0
SCHMIDT,NATE,D,88,NATE SCHMIDT,34.0,2.0,6.0,26.0,12.0,14.0,8.0,0.0,26.0,28.0,0.0,6.0
TRYAMKIN,NIKITA,D,88,NIKITA TRYAMKIN,1.0,0.0,0.0,1.0,0.0,1.0,0.0,0.0,1.0,1.0,0.0,0.0
VASILEVSKIY,ANDREI,G,88,ANDREI VASILEVSKIY,0.0,0.0,0.0,0.0,0.0,0.0,0.0,0.0,0.0,0.0,0.0,0.0
MCGINN,JAMIE,L,88,JAMIE MCGINN,18.0,11.0,3.0,4.0,7.0,4.0,7.0,0.0,13.0,13.0,5.0,0.0
PASTRNAK,DAVID,R,88,DAVID PASTRNAK,35.0,15.0,12.0,8.0,10.0,12.0,13.0,0.0,33.0,35.0,0.0,0.0
KANE,PATRICK,R,88,PATRICK KANE,34.0,15.0,9.0,10.0,12.0,15.0,7.0,0.0,31.0,34.0,0.0,0.0
GOODROW,BARCLAY,C,89,BARCLAY GOODROW,3.0,2.0,1.0,0.0,1.0,1.0,1.0,0.0,3.0,3.0,0.0,0.0
GAGNER,SAM,C,89,SAM GAGNER,20.0,16.0,4.0,0.0,8.0,5.0,6.0,1.0,18.0,19.0,1.0,0.0
NESTEROV,NIKITA,D,89,NIKITA NESTEROV,8.0,4.0,0.0,4.0,3.0,3.0,2.0,0.0,6.0,7.0,1.0,0.0
JOHNSTON,RYAN,D,89,RYAN JOHNSTON,0.0,0.0,0.0,0.0,0.0,0.0,0.0,0.0,0.0,0.0,0.0,0.0
MCCORMICK,MAX,L,89,MAX MCCORMICK,8.0,3.0,2.0,3.0,2.0,3.0,3.0,0.0,8.0,8.0,0.0,0.0
BOEDKER,MIKKEL,L,89,MIKKEL BOEDKER,38.0,19.0,8.0,11.0,12.0,13.0,12.0,1.0,34.0,36.0,2.0,0.0
COPP,ANDREW,C,9,ANDREW COPP,10.0,5.0,3.0,2.0,6.0,1.0,3.0,0.0,8.0,8.0,0.0,2.0
ZUBRUS,DAINIUS,C,9,DAINIUS ZUBRUS,15.0,7.0,2.0,6.0,9.0,6.0,0.0,0.0,14.0,14.0,0.0,1.0
CAMPBELL,GREGORY,C,9,GREGORY CAMPBELL,14.0,8.0,2.0,4.0,8.0,3.0,3.0,0.0,11.0,11.0,0.0,3.0
TLUSTY,JIRI,C,9,JIRI TLUSTY,8.0,3.0,2.0,3.0,2.0,5.0,1.0,0.0,7.0,7.0,1.0,0.0
DUCHENE,MATT,C,9,MATT DUCHENE,43.0,22.0,8.0,13.0,13.0,15.0,13.0,2.0,37.0,41.0,2.0,0.0
KOIVU,MIKKO,C,9,MIKKO KOIVU,37.0,20.0,8.0,9.0,15.0,12.0,10.0,0.0,33.0,34.0,2.0,1.0
OTT,STEVE,C,9,STEVE OTT,3.0,0.0,1.0,2.0,0.0,2.0,1.0,0.0,1.0,1.0,0.0,2.0
JOHNSON,TYLER,C,9,TYLER JOHNSON,19.0,8.0,1.0,10.0,9.0,3.0,5.0,2.0,14.0,17.0,1.0,1.0
ORLOV,DMITRY,D,9,DMITRY ORLOV,37.0,12.0,8.0,17.0,13.0,13.0,11.0,0.0,32.0,33.0,3.0,1.0
PRUST,BRANDON,L,9,BRANDON PRUST,5.0,2.0,1.0,2.0,3.0,1.0,1.0,0.0,4.0,4.0,0.0,1.0
KANE,EVANDER,L,9,EVANDER KANE,37.0,15.0,7.0,15.0,11.0,17.0,4.0,5.0,23.0,30.0,1.0,6.0
FORSBERG,FILIP,L,9,FILIP FORSBERG,72.0,27.0,18.0,27.0,23.0,25.0,22.0,2.0,59.0,64.0,1.0,7.0
DUPUIS,PASCAL,L,9,PASCAL DUPUIS,2.0,0.0,0.0,2.0,0.0,2.0,0.0,0.0,0.0,0.0,0.0,2.0
SPEZZA,JASON,C,90,JASON SPEZZA,45.0,25.0,5.0,15.0,16.0,11.0,18.0,0.0,41.0,43.0,1.0,1.0
O'REILLY,RYAN,C,90,RYAN O'REILLY,47.0,16.0,17.0,14.0,21.0,10.0,16.0,0.0,37.0,41.0,1.0,5.0
NAMESTNIKOV,VLADISLAV,C,90,VLADISLAV NAMESTNIKOV,15.0,5.0,6.0,4.0,7.0,4.0,4.0,0.0,13.0,13.0,2.0,0.0
JOHANSSON,MARCUS,L,90,MARCUS JOHANSSON,35.0,24.0,3.0,8.0,18.0,9.0,7.0,1.0,29.0,31.0,4.0,0.0
CHIASSON,ALEX,R,90,ALEX CHIASSON,26.0,11.0,6.0,9.0,10.0,5.0,11.0,0.0,23.0,23.0,0.0,3.0
MCCANN,JARED,C,91,JARED MCCANN,30.0,15.0,3.0,12.0,9.0,11.0,10.0,0.0,28.0,28.0,2.0,0.0
TAVARES,JOHN,C,91,JOHN TAVARES,69.0,30.0,12.0,27.0,22.0,30.0,17.0,0.0,63.0,69.0,0.0,0.0
STAMKOS,STEVEN,C,91,STEVEN STAMKOS,45.0,21.0,11.0,13.0,11.0,20.0,11.0,3.0,32.0,36.0,5.0,4.0
SEGUIN,TYLER,C,91,TYLER SEGUIN,21.0,8.0,10.0,3.0,5.0,10.0,3.0,3.0,17.0,20.0,1.0,0.0
TARASENKO,VLADIMIR,R,91,VLADIMIR TARASENKO,38.0,18.0,9.0,11.0,10.0,14.0,11.0,3.0,28.0,32.0,3.0,3.0
KUZNETSOV,EVGENY,C,92,EVGENY KUZNETSOV,61.0,23.0,15.0,23.0,17.0,18.0,21.0,5.0,52.0,60.0,1.0,0.0
RAU,KYLE,C,92,KYLE RAU,3.0,2.0,1.0,0.0,1.0,0.0,2.0,0.0,3.0,3.0,0.0,0.0
LANDESKOG,GABRIEL,L,92,GABRIEL LANDESKOG,37.0,10.0,8.0,19.0,10.0,17.0,9.0,1.0,31.0,32.0,2.0,3.0
FRANZEN,JOHAN,C,93,JOHAN FRANZEN,0.0,0.0,0.0,0.0,0.0,0.0,0.0,0.0,0.0,0.0,0.0,0.0
ZIBANEJAD,MIKA,C,93,MIKA ZIBANEJAD,39.0,16.0,9.0,14.0,11.0,15.0,11.0,2.0,26.0,31.0,3.0,5.0
NUGENT-HOPKINS,RYAN,C,93,RYAN NUGENT-HOPKINS,43.0,18.0,8.0,17.0,18.0,14.0,10.0,1.0,37.0,38.0,1.0,4.0
BENNETT,SAM,C,93,SAM BENNETT,34.0,19.0,4.0,11.0,14.0,9.0,10.0,1.0,32.0,33.0,1.0,0.0
YANDLE,KEITH,D,93,KEITH YANDLE,27.0,6.0,1.0,20.0,9.0,10.0,8.0,0.0,23.0,23.0,4.0,0.0
VORACEK,JAKUB,R,93,JAKUB VORACEK,26.0,10.0,8.0,8.0,6.0,11.0,9.0,0.0,24.0,25.0,0.0,1.0
RANTANEN,MIKKO,R,96,MIKKO RANTANEN,1.0,0.0,0.0,1.0,0.0,1.0,0.0,0.0,1.0,1.0,0.0,0.0
MCDAVID,CONNOR,C,97,CONNOR MCDAVID,33.0,12.0,5.0,16.0,13.0,6.0,14.0,0.0,24.0,27.0,3.0,3.0
