last,first,pos,num,comb,GP,TOI,TOI_5v5
ELLIOTT,BRIAN,G,1,BRIAN ELLIOTT,,,
CAMPBELL,JACK,G,1,JACK CAMPBELL,,,
ENROTH,JHONAS,G,1,JHONAS ENROTH,,,
HILLER,JONAS,G,1,JONAS HILLER,,,
SAROS,JUUSE,G,1,JUUSE SAROS,,,
KINKAID,KEITH,G,1,KEITH KINKAID,,,
BROSSOIT,LAURENT,G,1,LAURENT BROSSOIT,,,
LUONGO,ROBERTO,G,1,ROBERTO LUONGO,,,
VARLAMOV,SEMYON,G,1,SEMYON VARLAMOV,,,
GREISS,THOMAS,G,1,THOMAS GREISS,,,
QUINE,ALAN,C,10,ALAN QUINE,2.0,35:31,27:11
STREET,BEN,C,10,BEN STREET,7.0,51:25,50:55
SCHENN,BRAYDEN,C,10,BRAYDEN SCHENN,80.0,1351:27,1015:48
SISSONS,COLTON,C,10,COLTON SISSONS,34.0,338:37,296:06
MILLER,J.T.,C,10,J.T. MILLER,82.0,1232:51,1073:35
SCHROEDER,JORDAN,C,10,JORDAN SCHROEDER,26.0,244:49,238:04
RICHARDS,MIKE,C,10,MIKE RICHARDS,39.0,474:50,374:10
PRINCE,SHANE,C,10,SHANE PRINCE,62.0,696:16,667:21
EHRHOFF,CHRISTIAN,D,10,CHRISTIAN EHRHOFF,48.0,743:13,634:38
DUCLAIR,ANTHONY,L,10,ANTHONY DUCLAIR,81.0,1162:05,911:55
SCHNEIDER,COLE,L,10,COLE SCHNEIDER,2.0,25:15,23:44
ANGELIDIS,MIKE,L,10,MIKE ANGELIDIS,4.0,36:00,34:03
SHARP,PATRICK,L,10,PATRICK SHARP,76.0,1338:57,1047:32
PERRY,COREY,R,10,COREY PERRY,82.0,1452:02,1148:22
VERSTEEG,KRIS,R,10,KRIS VERSTEEG,77.0,1184:59,1014:00
YAKUPOV,NAIL,R,10,NAIL YAKUPOV,60.0,852:53,709:38
UPSHALL,SCOTTIE,R,10,SCOTTIE UPSHALL,70.0,766:20,668:12
DESJARDINS,ANDREW,C,11,ANDREW DESJARDINS,77.0,1030:25,866:03
KOPITAR,ANZE,C,11,ANZE KOPITAR,81.0,1690:12,1210:05
PIRRI,BRANDON,C,11,BRANDON PIRRI,61.0,885:05,731:50
BOYLE,BRIAN,C,11,BRIAN BOYLE,76.0,981:11,777:34
HODGSON,CODY,C,11,CODY HODGSON,39.0,418:35,409:43
HUBERDEAU,JONATHAN,C,11,JONATHAN HUBERDEAU,76.0,1378:42,1065:54
STAAL,JORDAN,C,11,JORDAN STAAL,82.0,1499:28,1116:07
PORTER,KEVIN,C,11,KEVIN PORTER,41.0,464:05,379:40
HANZAL,MARTIN,C,11,MARTIN HANZAL,64.0,1135:27,808:43
BACKLUND,MIKAEL,C,11,MIKAEL BACKLUND,82.0,1347:09,1017:56
HYMAN,ZACH,C,11,ZACH HYMAN,16.0,250:59,204:14
LERG,BRYAN,L,11,BRYAN LERG,6.0,53:15,49:51
MCKENZIE,CURTIS,L,11,CURTIS MCKENZIE,3.0,26:24,25:55
CALVERT,MATT,L,11,MATT CALVERT,73.0,1104:21,920:39
PARISE,ZACH,L,11,ZACH PARISE,70.0,1348:45,984:59
GALLAGHER,BRENDAN,R,11,BRENDAN GALLAGHER,53.0,878:19,689:09
HAYES,JIMMY,R,11,JIMMY HAYES,75.0,1036:59,928:08
GIONTA,STEPHEN,R,11,STEPHEN GIONTA,82.0,1001:10,830:22
STAAL,ERIC,C,12,ERIC STAAL,83.0,1540:02,1224:20
LEHTERA,JORI,C,12,JORI LEHTERA,79.0,1270:32,983:11
BAILEY,JOSH,C,12,JOSH BAILEY,81.0,1283:48,1083:39
FISHER,MIKE,C,12,MIKE FISHER,70.0,1201:25,862:08
MARLEAU,PATRICK,C,12,PATRICK MARLEAU,82.0,1560:17,1089:50
FAKSA,RADEK,C,12,RADEK FAKSA,45.0,556:35,477:48
BOUCHER,REID,C,12,REID BOUCHER,39.0,556:32,467:35
KLINKHAMMER,ROB,C,12,ROB KLINKHAMMER,14.0,131:46,125:35
LOVEJOY,BEN,D,12,BEN LOVEJOY,66.0,1245:13,1032:54
PAILLE,DANIEL,L,12,DANIEL PAILLE,12.0,136:54,114:35
RAFFL,MICHAEL,L,12,MICHAEL RAFFL,82.0,1172:33,1039:21
FLEISCHMANN,TOMAS,L,12,TOMAS FLEISCHMANN,76.0,1155:37,957:31
RICHARDSON,BRAD,R,12,BRAD RICHARDSON,82.0,1280:57,1057:43
GIONTA,BRIAN,R,12,BRIAN GIONTA,79.0,1400:52,1070:51
JONES,DAVID,R,12,DAVID JONES,75.0,931:30,883:03
STAFFORD,DREW,R,12,DREW STAFFORD,78.0,1393:21,1087:34
IGINLA,JAROME,R,12,JAROME IGINLA,82.0,1300:18,1008:59
GABORIK,MARIAN,R,12,MARIAN GABORIK,54.0,807:00,678:05
PAQUETTE,CEDRIC,C,13,CEDRIC PAQUETTE,56.0,713:24,601:10
JANMARK,MATTIAS,C,13,MATTIAS JANMARK,73.0,1034:33,918:37
BONINO,NICK,C,13,NICK BONINO,63.0,997:51,712:46
DATSYUK,PAVEL,C,13,PAVEL DATSYUK,66.0,1297:14,1004:49
TANEV,BRANDON,L,13,BRANDON TANEV,3.0,36:08,32:23
GAUDREAU,JOHNNY,L,13,JOHNNY GAUDREAU,79.0,1573:40,1194:53
CLIFFORD,KYLE,L,13,KYLE CLIFFORD,56.0,523:35,513:19
CAMMALLERI,MIKE,L,13,MIKE CAMMALLERI,42.0,808:16,611:21
PAUL,NICK,L,13,NICK PAUL,24.0,292:39,277:53
SEMIN,ALEXANDER,R,13,ALEXANDER SEMIN,15.0,185:02,150:49
ATKINSON,CAM,R,13,CAM ATKINSON,81.0,1441:39,1025:19
HAYES,KEVIN,R,13,KEVIN HAYES,79.0,1079:22,925:41
BROWN,MIKE,R,13,MIKE BROWN,58.0,452:49,441:23
HENRIQUE,ADAM,C,14,ADAM HENRIQUE,80.0,1584:50,1060:31
GREENING,COLIN,C,14,COLIN GREENING,31.0,436:59,354:34
NYQUIST,GUSTAV,C,14,GUSTAV NYQUIST,82.0,1244:15,957:04
VITALE,JOE,C,14,JOE VITALE,1.0,6:13,5:11
EBERLE,JORDAN,C,14,JORDAN EBERLE,69.0,1232:07,972:42
GERBE,NATHAN,C,14,NATHAN GERBE,47.0,632:23,522:52
COUTURIER,SEAN,C,14,SEAN COUTURIER,63.0,1171:51,858:36
PLEKANEC,TOMAS,C,14,TOMAS PLEKANEC,82.0,1517:41,1081:22
EKHOLM,MATTIAS,D,14,MATTIAS EKHOLM,82.0,1658:58,1363:09
HICKEY,THOMAS,D,14,THOMAS HICKEY,62.0,1079:05,884:17
BURROWS,ALEXANDRE,L,14,ALEXANDRE BURROWS,79.0,1198:25,877:19
COMEAU,BLAKE,L,14,BLAKE COMEAU,81.0,1426:41,1061:53
KUNITZ,CHRIS,L,14,CHRIS KUNITZ,80.0,1345:58,1094:42
BENN,JAMIE,L,14,JAMIE BENN,82.0,1641:47,1148:53
PELUSO,ANTHONY,R,14,ANTHONY PELUSO,35.0,223:27,221:29
CONNOLLY,BRETT,R,14,BRETT CONNOLLY,71.0,920:14,841:04
FONTAINE,JUSTIN,R,14,JUSTIN FONTAINE,60.0,706:52,611:31
WILLIAMS,JUSTIN,R,14,JUSTIN WILLIAMS,82.0,1365:32,1079:00
PANIK,RICHARD,R,14,RICHARD PANIK,30.0,325:01,313:37
TIKHONOV,VIKTOR,R,14,VIKTOR TIKHONOV,50.0,571:43,524:42
NESTRASIL,ANDREJ,C,15,ANDREJ NESTRASIL,55.0,789:09,706:24
ANDREOFF,ANDY,C,15,ANDY ANDREOFF,60.0,528:16,518:45
ANISIMOV,ARTEM,C,15,ARTEM ANISIMOV,77.0,1392:51,1061:35
GORDON,BOYD,C,15,BOYD GORDON,65.0,796:54,592:30
SMITH,CRAIG,C,15,CRAIG SMITH,82.0,1244:26,1029:21
EICHEL,JACK,C,15,JACK EICHEL,81.0,1548:51,1175:19
SHEAHAN,RILEY,C,15,RILEY SHEAHAN,81.0,1233:42,937:10
FABBRI,ROBBY,C,15,ROBBY FABBRI,72.0,958:41,832:59
GETZLAF,RYAN,C,15,RYAN GETZLAF,77.0,1501:57,1092:03
SMITH,ZACK,C,15,ZACK SMITH,81.0,1245:56,967:20
SMID,LADISLAV,D,15,LADISLAV SMID,22.0,254:53,241:36
DEL ZOTTO,MICHAEL,D,15,MICHAEL DEL ZOTTO,52.0,1217:28,942:04
NEMETH,PATRIK,D,15,PATRIK NEMETH,38.0,593:44,539:48
GLASS,TANNER,L,15,TANNER GLASS,57.0,586:18,549:19
CLUTTERBUCK,CAL,R,15,CAL CLUTTERBUCK,77.0,917:11,746:47
DORSETT,DEREK,R,15,DEREK DORSETT,71.0,893:55,816:07
HALISCHUK,MATT,R,15,MATT HALISCHUK,30.0,283:34,269:57
PARENTEAU,PIERRE-ALEXANDRE,R,15,PIERRE-ALEXANDRE PARENTEAU,77.0,1251:56,975:42
RUUTU,TUOMO,R,15,TUOMO RUUTU,33.0,379:33,363:54
BARKOV,ALEKSANDER,C,16,ALEKSANDER BARKOV,66.0,1282:23,907:50
BASS,CODY,C,16,CODY BASS,17.0,130:16,125:31
BRASSARD,DERICK,C,16,DERICK BRASSARD,80.0,1430:49,1133:29
LINDHOLM,ELIAS,C,16,ELIAS LINDHOLM,82.0,1484:15,1130:01
FEHR,ERIC,C,16,ERIC FEHR,55.0,718:04,544:51
JOSEFSON,JACOB,C,16,JACOB JOSEFSON,58.0,900:17,636:25
DICKINSON,JASON,C,16,JASON DICKINSON,1.0,11:55,11:40
KRUGER,MARCUS,C,16,MARCUS KRUGER,41.0,554:22,443:18
DOMI,MAX,C,16,MAX DOMI,81.0,1321:09,1013:50
SPALING,NICK,C,16,NICK SPALING,58.0,828:04,674:23
GARBUTT,RYAN,C,16,RYAN GARBUTT,80.0,866:49,798:14
ZADOROV,NIKITA,D,16,NIKITA ZADOROV,22.0,372:31,335:49
LADD,ANDREW,L,16,ANDREW LADD,78.0,1474:34,1037:14
MACARTHUR,CLARKE,L,16,CLARKE MACARTHUR,4.0,43:26,39:35
ZUCKER,JASON,L,16,JASON ZUCKER,71.0,1107:26,946:29
BROWN,CONNOR,R,16,CONNOR BROWN,7.0,104:48,73:11
JOORIS,JOSH,R,16,JOSH JOORIS,59.0,724:27,609:13
BERNIER,STEVE,R,16,STEVE BERNIER,24.0,269:40,260:44
PURCELL,TEDDY,R,16,TEDDY PURCELL,76.0,1277:30,1003:01
KILLORN,ALEX,C,17,ALEX KILLORN,81.0,1360:17,1081:20
RICHARDS,BRAD,C,17,BRAD RICHARDS,68.0,1006:12,799:19
DUBINSKY,BRANDON,C,17,BRANDON DUBINSKY,75.0,1407:14,1009:06
LEGWAND,DAVID,C,17,DAVID LEGWAND,79.0,765:56,562:15
MACKENZIE,DEREK,C,17,DEREK MACKENZIE,64.0,841:42,640:07
SHORE,DEVIN,C,17,DEVIN SHORE,3.0,36:21,35:35
SCHWARTZ,JADEN,C,17,JADEN SCHWARTZ,33.0,567:43,436:53
KESLER,RYAN,C,17,RYAN KESLER,79.0,1543:10,1079:37
MITCHELL,TORREY,C,17,TORREY MITCHELL,71.0,900:56,760:34
STUART,BRAD,D,17,BRAD STUART,6.0,84:00,78:49
LOWRY,ADAM,L,17,ADAM LOWRY,74.0,1037:22,855:05
MCCARTHY,JOHN,L,17,JOHN MCCARTHY,1.0,7:05,7:05
BOUMA,LANCE,L,17,LANCE BOUMA,44.0,529:34,443:24
MARTIN,MATT,L,17,MATT MARTIN,80.0,844:22,827:40
LUCIC,MILAN,L,17,MILAN LUCIC,81.0,1396:12,1179:16
RUST,BRYAN,R,17,BRYAN RUST,41.0,512:24,473:32
VRBATA,RADIM,R,17,RADIM VRBATA,63.0,1010:59,775:47
DOWNIE,STEVE,R,17,STEVE DOWNIE,26.0,234:30,223:24
SIMMONDS,WAYNE,R,17,WAYNE SIMMONDS,81.0,1395:24,1031:20
O'NEILL,BRIAN,C,18,BRIAN O'NEILL,22.0,227:57,208:08
LITTLE,BRYAN,C,18,BRYAN LITTLE,57.0,1116:33,756:58
STEPHENSON,CHANDLER,C,18,CHANDLER STEPHENSON,9.0,70:43,69:59
MCCLEMENT,JAY,C,18,JAY MCCLEMENT,77.0,893:31,727:20
ANDERSSON,JOAKIM,C,18,JOAKIM ANDERSSON,29.0,261:35,206:50
STAJAN,MATT,C,18,MATT STAJAN,80.0,1015:48,875:32
CARTER,RYAN,C,18,RYAN CARTER,60.0,672:14,545:11
STROME,RYAN,C,18,RYAN STROME,71.0,1111:42,950:36
MATTHIAS,SHAWN,C,18,SHAWN MATTHIAS,71.0,959:25,821:39
STAAL,MARC,D,18,MARC STAAL,77.0,1515:18,1297:40
NEAL,JAMES,L,18,JAMES NEAL,82.0,1563:51,1248:18
MICHALEK,MILAN,L,18,MILAN MICHALEK,45.0,725:20,535:44
PALAT,ONDREJ,L,18,ONDREJ PALAT,62.0,1110:59,798:35
VIRTANEN,JAKE,R,18,JAKE VIRTANEN,55.0,636:01,575:37
EAVES,PATRICK,R,18,PATRICK EAVES,54.0,700:02,561:25
SMITH,REILLY,R,18,REILLY SMITH,82.0,1526:06,1042:30
BOURQUE,RENE,R,18,RENE BOURQUE,49.0,511:43,494:01
JACKMAN,TIM,R,18,TIM JACKMAN,2.0,11:28,11:28
RATTIE,TY,R,18,TY RATTIE,13.0,120:44,118:01
O'REILLY,CAL,C,19,CAL O'REILLY,20.0,223:36,170:18
JARNKROK,CALLE,C,19,CALLE JARNKROK,81.0,1306:21,1037:43
STOLL,JARRET,C,19,JARRET STOLL,80.0,973:21,802:45
THORNTON,JOE,C,19,JOE THORNTON,82.0,1505:00,1121:36
TOEWS,JONATHAN,C,19,JONATHAN TOEWS,80.0,1538:43,1137:22
WEAL,JORDAN,C,19,JORDAN WEAL,14.0,131:03,117:08
PETAN,NIC,C,19,NIC PETAN,26.0,305:26,252:57
BACKSTROM,NICKLAS,C,19,NICKLAS BACKSTROM,75.0,1438:38,1065:30
JOHANSEN,RYAN,C,19,RYAN JOHANSEN,80.0,1405:01,1095:17
ZAJAC,TRAVIS,C,19,TRAVIS ZAJAC,74.0,1467:32,992:24
BOUWMEESTER,JAY,D,19,JAY BOUWMEESTER,72.0,1664:13,1308:07
SCHULTZ,JUSTIN,D,19,JUSTIN SCHULTZ,63.0,1158:50,920:21
MAROON,PATRICK,L,19,PATRICK MAROON,72.0,888:22,767:45
BENNETT,BEAU,R,19,BEAU BENNETT,33.0,392:33,331:35
FAST,JESPER,R,19,JESPER FAST,79.0,1180:15,962:01
LUPUL,JOFFREY,R,19,JOFFREY LUPUL,46.0,672:34,534:34
DOAN,SHANE,R,19,SHANE DOAN,72.0,1268:27,946:10
CLENDENING,ADAM,D,2,ADAM CLENDENING,29.0,429:05,391:34
PARDY,ADAM,D,2,ADAM PARDY,23.0,365:20,305:47
SEKERA,ANDREJ,D,2,ANDREJ SEKERA,81.0,1766:36,1365:06
BODNARCHUK,ANDREW,D,2,ANDREW BODNARCHUK,37.0,456:34,441:48
BITETTO,ANTHONY,D,2,ANTHONY BITETTO,28.0,339:45,333:10
SMITH,BRENDAN,D,2,BRENDAN SMITH,63.0,1108:55,951:09
HAMHUIS,DAN,D,2,DAN HAMHUIS,58.0,1242:05,959:24
PHANEUF,DION,D,2,DION PHANEUF,71.0,1584:51,1179:39
KEITH,DUNCAN,D,2,DUNCAN KEITH,67.0,1690:46,1231:26
COWEN,JARED,D,2,JARED COWEN,37.0,628:14,529:04
MOORE,JOHN,D,2,JOHN MOORE,73.0,1446:59,1107:47
JOKIPAKKA,JYRKI,D,2,JYRKI JOKIPAKKA,58.0,902:25,812:12
BIEKSA,KEVIN,D,2,KEVIN BIEKSA,71.0,1491:46,1196:44
RUSSELL,KRIS,D,2,KRIS RUSSELL,62.0,1430:22,1157:45
GREENE,MATT,D,2,MATT GREENE,3.0,35:15,29:34
HUNWICK,MATT,D,2,MATT HUNWICK,60.0,1353:49,1052:36
NISKANEN,MATT,D,2,MATT NISKANEN,82.0,2022:16,1491:16
HOLDEN,NICK,D,2,NICK HOLDEN,82.0,1793:52,1478:08
LEDDY,NICK,D,2,NICK LEDDY,81.0,1831:52,1471:07
GROSSMANN,NICKLAS,D,2,NICKLAS GROSSMANN,58.0,1028:21,829:00
KREIDER,CHRIS,C,20,CHRIS KREIDER,79.0,1260:36,1025:14
EAKIN,CODY,C,20,CODY EAKIN,82.0,1342:11,1037:36
UMBERGER,R.J.,C,20,R.J. UMBERGER,39.0,396:11,368:56
NASH,RILEY,C,20,RILEY NASH,64.0,829:12,681:17
CORRADO,FRANK,D,20,FRANK CORRADO,39.0,563:42,502:42
TAORMINA,MATT,D,20,MATT TAORMINA,3.0,41:47,38:28
STANTON,RYAN,D,20,RYAN STANTON,1.0,8:41,8:41
SUTER,RYAN,D,20,RYAN SUTER,82.0,2343:03,1728:48
BARTLEY,VICTOR,D,20,VICTOR BARTLEY,10.0,133:11,130:44
BERRA,RETO,G,20,RETO BERRA,,,
STEEN,ALEXANDER,L,20,ALEXANDER STEEN,67.0,1364:34,955:31
SAAD,BRANDON,L,20,BRANDON SAAD,78.0,1343:02,1052:42
HIGGINS,CHRIS,L,20,CHRIS HIGGINS,33.0,454:41,377:29
THOMAS,CHRISTIAN,L,20,CHRISTIAN THOMAS,6.0,53:38,53:08
MILLER,DREW,L,20,DREW MILLER,28.0,363:14,273:02
GAZDIC,LUKE,L,20,LUKE GAZDIC,29.0,179:44,179:25
STEMPNIAK,LEE,R,20,LEE STEMPNIAK,82.0,1469:36,1092:10
SALOMAKI,MIIKKA,R,20,MIIKKA SALOMAKI,61.0,732:03,637:57
SUTTER,BRANDON,C,21,BRANDON SUTTER,20.0,359:32,253:27
LAICH,BROOKS,C,21,BROOKS LAICH,81.0,926:14,727:50
STEPAN,DEREK,C,21,DEREK STEPAN,72.0,1278:23,930:59
PALMIERI,KYLE,C,21,KYLE PALMIERI,82.0,1460:00,1101:43
SHORE,NICK,C,21,NICK SHORE,68.0,843:37,740:41
BERGLUND,PATRIK,C,21,PATRIK BERGLUND,42.0,650:14,541:02
MATTEAU,STEFAN,C,21,STEFAN MATTEAU,32.0,328:58,313:15
TATAR,TOMAS,C,21,TOMAS TATAR,81.0,1162:27,923:41
TROCHECK,VINCENT,C,21,VINCENT TROCHECK,76.0,1350:32,1018:53
FERENCE,ANDREW,D,21,ANDREW FERENCE,6.0,78:21,70:26
POTTER,COREY,D,21,COREY POTTER,1.0,14:44,14:41
WISNIEWSKI,JAMES,D,21,JAMES WISNIEWSKI,1.0,00:47,00:47
KOSTKA,MICHAEL,D,21,MICHAEL KOSTKA,15.0,223:20,206:51
ROUSSEL,ANTOINE,L,21,ANTOINE ROUSSEL,80.0,1108:34,940:32
VAN RIEMSDYK,JAMES,L,21,JAMES VAN RIEMSDYK,40.0,710:31,561:38
RYCHEL,KERBY,L,21,KERBY RYCHEL,32.0,304:27,301:33
ERIKSSON,LOUI,L,21,LOUI ERIKSSON,82.0,1597:30,1134:35
RAYMOND,MASON,L,21,MASON RAYMOND,29.0,357:54,315:39
LAUGHTON,SCOTT,L,21,SCOTT LAUGHTON,71.0,740:48,668:55
SMITH,BEN,R,21,BEN SMITH,22.0,266:02,223:23
SMITH-PELLY,DEVANTE,R,21,DEVANTE SMITH-PELLY,64.0,786:43,702:35
OKPOSO,KYLE,R,21,KYLE OKPOSO,79.0,1438:15,1125:05
SCEVIOUR,COLTON,C,22,COLTON SCEVIOUR,71.0,899:38,724:28
SHORE,DREW,C,22,DREW SHORE,2.0,27:59,17:58
VARONE,PHIL,C,22,PHIL VARONE,6.0,51:03,50:41
HORCOFF,SHAWN,C,22,SHAWN HORCOFF,59.0,783:46,654:44
LEWIS,TREVOR,C,22,TREVOR LEWIS,75.0,1091:59,916:00
BOYLE,DAN,D,22,DAN BOYLE,74.0,1392:16,1137:25
SHATTENKIRK,KEVIN,D,22,KEVIN SHATTENKIRK,72.0,1614:06,1181:44
SCHENN,LUKE,D,22,LUKE SCHENN,72.0,1265:08,1066:44
REDMOND,ZACH,D,22,ZACH REDMOND,37.0,435:56,423:41
CUNNINGHAM,CRAIG,L,22,CRAIG CUNNINGHAM,10.0,100:50,98:14
SEDIN,DANIEL,L,22,DANIEL SEDIN,82.0,1503:22,1107:45
LARSSON,JOHAN,L,22,JOHAN LARSSON,74.0,1096:39,966:51
SCOTT,JOHN,L,22,JOHN SCOTT,12.0,78:20,74:58
MOUILLIERAT,KAEL,L,22,KAEL MOUILLIERAT,1.0,10:41,10:32
THORNTON,SHAWN,L,22,SHAWN THORNTON,50.0,434:27,428:08
MILANO,SONNY,L,22,SONNY MILANO,3.0,40:08,40:08
CRACKNELL,ADAM,R,22,ADAM CRACKNELL,52.0,636:01,586:39
THORBURN,CHRIS,R,22,CHRIS THORBURN,82.0,829:57,760:52
WEISE,DALE,R,22,DALE WEISE,71.0,951:36,821:44
CONDRA,ERIK,R,22,ERIK CONDRA,54.0,578:10,506:47
TOOTOO,JORDIN,R,22,JORDIN TOOTOO,66.0,760:50,670:39
NIEDERREITER,NINO,R,22,NINO NIEDERREITER,82.0,1271:07,1060:27
KELLY,CHRIS,C,23,CHRIS KELLY,11.0,143:57,113:13
MEGNA,JAYSON,C,23,JAYSON MEGNA,6.0,73:29,63:02
HENDRICKS,MATT,C,23,MATT HENDRICKS,68.0,899:59,713:09
GRIMALDI,ROCCO,C,23,ROCCO GRIMALDI,20.0,237:18,221:14
REINHART,SAM,C,23,SAM REINHART,79.0,1330:03,1036:19
GOMEZ,SCOTT,C,23,SCOTT GOMEZ,34.0,385:28,319:03
WILSON,SCOTT,C,23,SCOTT WILSON,24.0,256:29,234:11
MONAHAN,SEAN,C,23,SEAN MONAHAN,81.0,1550:53,1135:08
SILL,ZACH,C,23,ZACH SILL,10.0,99:20,90:41
EDLER,ALEXANDER,D,23,ALEXANDER EDLER,52.0,1271:32,914:14
MANNING,BRANDON,D,23,BRANDON MANNING,56.0,924:51,830:31
LINDELL,ESA,D,23,ESA LINDELL,4.0,56:11,53:29
OLOFSSON,GUSTAV,D,23,GUSTAV OLOFSSON,2.0,18:23,17:44
EKMAN-LARSSON,OLIVER,D,23,OLIVER EKMAN-LARSSON,75.0,1853:36,1322:42
MCGINN,BROCK,L,23,BROCK MCGINN,21.0,234:55,218:46
BROWN,DUSTIN,L,23,DUSTIN BROWN,82.0,1326:13,1082:15
FARNHAM,BOBBY,R,23,BOBBY FARNHAM,53.0,493:36,482:55
CLARKSON,DAVID,R,23,DAVID CLARKSON,23.0,212:00,204:32
JASKIN,DMITRIJ,R,23,DMITRIJ JASKIN,65.0,770:33,747:42
BROWN,J.T.,R,23,J.T. BROWN,78.0,1042:11,890:17
MALONE,BRAD,C,24,BRAD MALONE,57.0,544:12,472:08
CHIPCHURA,KYLE,C,24,KYLE CHIPCHURA,70.0,716:23,636:26
LINDBERG,OSCAR,C,24,OSCAR LINDBERG,68.0,828:01,734:49
HOLLAND,PETER,C,24,PETER HOLLAND,65.0,953:17,730:52
HUNT,BRAD,D,24,BRAD HUNT,7.0,99:15,81:18
TINORDI,JARRED,D,24,JARRED TINORDI,10.0,142:59,122:19
BENN,JORDIE,D,24,JORDIE BENN,64.0,1001:11,841:29
DUMBA,MATT,D,24,MATT DUMBA,81.0,1363:48,1103:29
DESPRES,SIMON,D,24,SIMON DESPRES,32.0,628:05,530:42
NYSTROM,ERIC,L,24,ERIC NYSTROM,46.0,528:14,452:29
DANAULT,PHILLIP,L,24,PHILLIP DANAULT,51.0,650:37,595:04
HUDLER,JIRI,R,24,JIRI HUDLER,72.0,1135:30,912:17
READ,MATT,R,24,MATT READ,79.0,1205:00,904:17
CALLAHAN,RYAN,R,24,RYAN CALLAHAN,73.0,1258:22,923:05
HAMILTON,FREDDIE,C,25,FREDDIE HAMILTON,4.0,50:48,46:54
TALBOT,MAX,C,25,MAX TALBOT,38.0,426:07,352:00
SANTORELLI,MIKE,C,25,MIKE SANTORELLI,70.0,706:29,657:35
GRIGORENKO,MIKHAIL,C,25,MIKHAIL GRIGORENKO,74.0,981:44,816:10
WHITE,RYAN,C,25,RYAN WHITE,73.0,917:10,758:21
KARLSSON,WILLIAM,C,25,WILLIAM KARLSSON,81.0,1172:04,950:43
COLAIACOVO,CARLO,D,25,CARLO COLAIACOVO,36.0,521:01,495:44
BUTLER,CHRIS,D,25,CHRIS BUTLER,5.0,57:30,51:03
NURSE,DARNELL,D,25,DARNELL NURSE,69.0,1395:43,1176:30
BRODIN,JONAS,D,25,JONAS BRODIN,68.0,1384:01,1206:19
CARLE,MATTHEW,D,25,MATTHEW CARLE,64.0,1073:54,921:47
GREEN,MIKE,D,25,MIKE GREEN,74.0,1462:47,1164:07
SAMUELSSON,PHILIP,D,25,PHILIP SAMUELSSON,4.0,63:33,52:38
MARKSTROM,JACOB,G,25,JACOB MARKSTROM,,,
TERRY,CHRIS,L,25,CHRIS TERRY,68.0,766:41,714:33
DE LA ROSE,JACOB,L,25,JACOB DE LA ROSE,22.0,273:34,238:21
CHIMERA,JASON,L,25,JASON CHIMERA,82.0,1152:09,923:43
CLUNE,RICH,L,25,RICH CLUNE,19.0,153:47,149:51
STALBERG,VIKTOR,L,25,VIKTOR STALBERG,75.0,915:14,799:01
RITCHIE,BRETT,R,25,BRETT RITCHIE,8.0,92:49,81:56
NEIL,CHRIS,R,25,CHRIS NEIL,80.0,743:51,731:27
WINNIK,DANIEL,C,26,DANIEL WINNIK,76.0,1042:24,866:33
STASTNY,PAUL,C,26,PAUL STASTNY,64.0,1225:24,914:14
PETRY,JEFF,D,26,JEFF PETRY,51.0,1088:43,840:02
LILES,JOHN-MICHAEL,D,26,JOHN-MICHAEL LILES,81.0,1644:36,1322:42
STONE,MICHAEL,D,26,MICHAEL STONE,75.0,1697:48,1239:09
WOTHERSPOON,TYLER,D,26,TYLER WOTHERSPOON,11.0,155:52,141:07
HAGELIN,CARL,L,26,CARL HAGELIN,80.0,1256:33,1057:43
MOULSON,MATT,L,26,MATT MOULSON,81.0,963:22,795:43
PUEMPEL,MATT,L,26,MATT PUEMPEL,26.0,294:47,278:06
ELIAS,PATRIK,L,26,PATRIK ELIAS,16.0,246:59,170:23
VANEK,THOMAS,L,26,THOMAS VANEK,74.0,1152:42,901:14
WHEELER,BLAKE,R,26,BLAKE WHEELER,82.0,1621:49,1153:09
ETEM,EMERSON,R,26,EMERSON ETEM,58.0,762:41,727:04
PAKARINEN,IIRO,R,26,IIRO PAKARINEN,63.0,676:52,570:39
JURCO,TOMAS,R,26,TOMAS JURCO,44.0,404:03,383:30
GALCHENYUK,ALEX,C,27,ALEX GALCHENYUK,82.0,1331:55,1043:42
LEE,ANDERS,C,27,ANDERS LEE,80.0,1166:17,934:26
LAZAR,CURTIS,C,27,CURTIS LAZAR,76.0,1053:16,864:45
BJUGSTAD,NICK,C,27,NICK BJUGSTAD,67.0,1039:12,823:18
DALPE,ZAC,C,27,ZAC DALPE,2.0,20:30,16:05
MARTINEZ,ALEC,D,27,ALEC MARTINEZ,78.0,1649:45,1244:22
PIETRANGELO,ALEX,D,27,ALEX PIETRANGELO,73.0,1920:15,1403:44
HUTTON,BEN,D,27,BEN HUTTON,75.0,1490:30,1174:59
HAMILTON,DOUGIE,D,27,DOUGIE HAMILTON,82.0,1620:39,1309:35
FAULK,JUSTIN,D,27,JUSTIN FAULK,64.0,1538:43,1138:38
ALZNER,KARL,D,27,KARL ALZNER,82.0,1752:46,1442:33
QUINCEY,KYLE,D,27,KYLE QUINCEY,47.0,928:53,787:25
MCDONAGH,RYAN,D,27,RYAN MCDONAGH,73.0,1631:43,1224:59
MURRAY,RYAN,D,27,RYAN MURRAY,82.0,1873:23,1399:12
MARTINSEN,ANDREAS,L,27,ANDREAS MARTINSEN,55.0,610:21,588:41
DROUIN,JONATHAN,L,27,JONATHAN DROUIN,21.0,303:18,243:40
EHLERS,NIKOLAJ,L,27,NIKOLAJ EHLERS,72.0,1159:16,947:06
MOEN,TRAVIS,L,27,TRAVIS MOEN,23.0,188:25,177:16
DONSKOI,JOONAS,R,27,JOONAS DONSKOI,76.0,1075:37,934:13
MOORE,DOMINIC,C,28,DOMINIC MOORE,80.0,1063:28,860:57
BRODZIAK,KYLE,C,28,KYLE BRODZIAK,76.0,821:11,678:41
CORMIER,PATRICE,C,28,PATRICE CORMIER,2.0,8:59,8:11
CAREY,PAUL,C,28,PAUL CAREY,4.0,39:53,39:12
GAUSTAD,PAUL,C,28,PAUL GAUSTAD,63.0,708:15,568:24
GIRGENSONS,ZEMGUS,C,28,ZEMGUS GIRGENSONS,71.0,1067:34,888:23
SEVERSON,DAMON,D,28,DAMON SEVERSON,72.0,1307:45,1102:39
COLE,IAN,D,28,IAN COLE,70.0,1206:42,993:01
ZIDLICKY,MAREK,D,28,MAREK ZIDLICKY,53.0,826:03,696:59
BEAULIEU,NATHAN,D,28,NATHAN BEAULIEU,64.0,1116:53,968:52
JOHNS,STEPHEN,D,28,STEPHEN JOHNS,14.0,249:37,232:38
STRACHAN,TYSON,D,28,TYSON STRACHAN,2.0,15:06,15:04
AGOZZINO,ANDREW,L,28,ANDREW AGOZZINO,9.0,77:03,74:27
WILSON,GARRETT,L,28,GARRETT WILSON,29.0,271:48,266:46
KORPIKOSKI,LAURI,L,28,LAURI KORPIKOSKI,71.0,988:34,764:06
BOYES,BRAD,R,28,BRAD BOYES,60.0,718:13,552:06
GIROUX,CLAUDE,R,28,CLAUDE GIROUX,78.0,1601:55,1081:21
POIRIER,EMILE,R,28,EMILE POIRIER,2.0,27:47,26:51
BJORKSTRAND,OLIVER,R,28,OLIVER BJORKSTRAND,12.0,191:43,161:09
NELSON,BROCK,C,29,BROCK NELSON,81.0,1280:04,1049:32
FERRARO,LANDON,C,29,LANDON FERRARO,68.0,721:20,621:36
DRAISAITL,LEON,C,29,LEON DRAISAITL,72.0,1298:18,1038:18
MACKINNON,NATHAN,C,29,NATHAN MACKINNON,72.0,1358:18,1031:20
PEDAN,ANDREY,D,29,ANDREY PEDAN,13.0,142:23,135:04
GOLOUBEF,CODY,D,29,CODY GOLOUBEF,43.0,650:27,598:25
ENGELLAND,DERYK,D,29,DERYK ENGELLAND,69.0,1050:58,947:52
MCCABE,JAKE,D,29,JAKE MCCABE,77.0,1471:16,1295:41
VALIEV,RINAT,D,29,RINAT VALIEV,10.0,122:30,119:39
KOEKKOEK,SLATER,D,29,SLATER KOEKKOEK,9.0,92:49,92:02
BRENNAN,TJ,D,29,TJ BRENNAN,7.0,105:41,97:53
LINDBACK,ANDERS,G,29,ANDERS LINDBACK,,,
FLEURY,MARC-ANDRE,G,29,MARC-ANDRE FLEURY,,,
O'CONNOR,MATTHEW,G,29,MATTHEW O'CONNOR,,,
EMERY,RAY,G,29,RAY EMERY,,,
BICKELL,BRYAN,L,29,BRYAN BICKELL,25.0,244:42,239:10
STEWART,CHRIS,R,29,CHRIS STEWART,56.0,604:31,542:03
POMINVILLE,JASON,R,29,JASON POMINVILLE,75.0,1224:16,983:50
HAVLAT,MARTIN,R,29,MARTIN HAVLAT,2.0,21:47,19:53
COYLE,CHARLIE,C,3,CHARLIE COYLE,82.0,1414:03,1125:08
MCNABB,BRAYDEN,D,3,BRAYDEN MCNABB,81.0,1524:01,1338:09
BIGRAS,CHRIS,D,3,CHRIS BIGRAS,31.0,413:36,390:43
STONER,CLAYTON,D,3,CLAYTON STONER,50.0,768:01,669:48
KLINGBERG,JOHN,D,3,JOHN KLINGBERG,76.0,1723:51,1359:09
METHOT,MARC,D,3,MARC METHOT,69.0,1425:20,1221:05
PYSYK,MARK,D,3,MARK PYSYK,55.0,874:40,789:00
MAATTA,OLLI,D,3,OLLI MAATTA,67.0,1337:04,1119:41
GUDAS,RADKO,D,3,RADKO GUDAS,76.0,1507:32,1232:23
JONES,SETH,D,3,SETH JONES,81.0,1788:12,1345:35
KAMPFER,STEVEN,D,3,STEVEN KAMPFER,47.0,709:13,631:21
HAMONIC,TRAVIS,D,3,TRAVIS HAMONIC,72.0,1715:18,1399:32
DELL,AARON,G,30,AARON DELL,,,
HAMMOND,ANDREW,G,30,ANDREW HAMMOND,,,
BIBEAU,ANTOINE,G,30,ANTOINE BIBEAU,,,
KHUDOBIN,ANTON,G,30,ANTON KHUDOBIN,,,
BISHOP,BEN,G,30,BEN BISHOP,,,
WARD,CAM,G,30,CAM WARD,,,
HUTTON,CARTER,G,30,CARTER HUTTON,,,
HELLEBUYCK,CONNOR,G,30,CONNOR HELLEBUYCK,,,
MCELHINNEY,CURTIS,G,30,CURTIS MCELHINNEY,,,
LUNDQVIST,HENRIK,G,30,HENRIK LUNDQVIST,,,
BERUBE,JEAN-FRANCOIS,G,30,JEAN-FRANCOIS BERUBE,,,
SMITH,JEREMY,G,30,JEREMY SMITH,,,
LANGHAMER,MAREK,G,30,MAREK LANGHAMER,,,
MURRAY,MATTHEW,G,30,MATTHEW MURRAY,,,
NEUVIRTH,MICHAL,G,30,MICHAL NEUVIRTH,,,
MCKENNA,MIKE,G,30,MIKE MCKENNA,,,
COPLEY,PHEONIX,G,30,PHEONIX COPLEY,,,
MILLER,RYAN,G,30,RYAN MILLER,,,
FUCALE,ZACHARY,G,30,ZACHARY FUCALE,,,
FORSBERG,ANTON,G,31,ANTON FORSBERG,,,
NIEMI,ANTTI,G,31,ANTTI NIEMI,,,
PICKARD,CALVIN,G,31,CALVIN PICKARD,,,
PRICE,CAREY,G,31,CAREY PRICE,,,
JOHNSON,CHAD,G,31,CHAD JOHNSON,,,
LACK,EDDIE,G,31,EDDIE LACK,,,
ANDERSEN,FREDERIK,G,31,FREDERIK ANDERSEN,,,
SPARKS,GARRET,G,31,GARRET SPARKS,,,
COREAU,JARED,G,31,JARED COREAU,,,
RAMO,KARRI,G,31,KARRI RAMO,,,
JONES,MARTIN,G,31,MARTIN JONES,,,
PAVELEC,ONDREJ,G,31,ONDREJ PAVELEC,,,
BUDAJ,PETER,G,31,PETER BUDAJ,,,
GRUBAUER,PHILIPP,G,31,PHILIPP GRUBAUER,,,
WEDGEWOOD,SCOTT,G,31,SCOTT WEDGEWOOD,,,
FLYNN,BRIAN,C,32,BRIAN FLYNN,56.0,656:35,548:56
GAUDET,TYLER,C,32,TYLER GAUDET,14.0,148:24,123:28
BEAUCHEMIN,FRANCOIS,D,32,FRANCOIS BEAUCHEMIN,82.0,2055:12,1489:09
STREIT,MARK,D,32,MARK STREIT,62.0,1355:54,993:44
ROZSIVAL,MICHAL,D,32,MICHAL ROZSIVAL,51.0,824:11,744:57
STALOCK,ALEX,G,32,ALEX STALOCK,,,
RAANTA,ANTTI,G,32,ANTTI RAANTA,,,
DRIEDGER,CHRIS,G,32,CHRIS DRIEDGER,,,
QUICK,JONATHAN,G,32,JONATHAN QUICK,,,
LEHTONEN,KARI,G,32,KARI LEHTONEN,,,
BACKSTROM,NIKLAS,G,32,NIKLAS BACKSTROM,,,
BACHMAN,RICHARD,G,32,RICHARD BACHMAN,,,
LEIVO,JOSH,L,32,JOSH LEIVO,12.0,147:48,111:16
WILSON,COLIN,C,33,COLIN WILSON,64.0,925:13,798:59
RYAN,DEREK,C,33,DEREK RYAN,6.0,73:13,65:25
SEDIN,HENRIK,C,33,HENRIK SEDIN,74.0,1360:00,999:45
GOLIGOSKI,ALEX,D,33,ALEX GOLIGOSKI,82.0,1954:08,1492:25
BYFUGLIEN,DUSTIN,D,33,DUSTIN BYFUGLIEN,81.0,2041:00,1490:38
NAKLADAL,JAKUB,D,33,JAKUB NAKLADAL,27.0,383:08,331:48
MITCHELL,WILLIE,D,33,WILLIE MITCHELL,46.0,916:32,731:51
CHARA,ZDENO,D,33,ZDENO CHARA,80.0,1927:45,1466:25
TALBOT,CAM,G,33,CAM TALBOT,,,
GIBSON,CHRISTOPHER,G,33,CHRISTOPHER GIBSON,,,
KASDORF,JASON,G,33,JASON KASDORF,,,
DARLING,SCOTT,G,33,SCOTT DARLING,,,
HANNIKAINEN,MARKUS,L,33,MARKUS HANNIKAINEN,4.0,28:35,28:09
SILFVERBERG,JAKOB,R,33,JAKOB SILFVERBERG,82.0,1391:54,1056:32
CARON,JORDAN,R,33,JORDAN CARON,4.0,32:30,32:29
ARCOBELLO,MARK,R,33,MARK ARCOBELLO,20.0,253:33,202:19
SODERBERG,CARL,C,34,CARL SODERBERG,82.0,1476:53,1062:41
NELSON,CASEY,D,34,CASEY NELSON,7.0,103:45,87:34
DAHLBECK,KLAS,D,34,KLAS DAHLBECK,71.0,1125:19,903:17
ALLEN,JAKE,G,34,JAKE ALLEN,,,
REIMER,JAMES,G,34,JAMES REIMER,,,
CANNATA,JOE,G,34,JOE CANNATA,,,
HUTCHINSON,MICHAEL,G,34,MICHAEL HUTCHINSON,,,
MRAZEK,PETR,G,34,PETR MRAZEK,,,
SEKAC,JIRI,L,34,JIRI SEKAC,39.0,454:57,412:30
DI GIUSEPPE,PHILLIP,L,34,PHILLIP DI GIUSEPPE,41.0,584:41,541:12
ANDERSON,JOSH,R,34,JOSH ANDERSON,12.0,128:23,126:37
MCCARRON,MICHAEL,R,34,MICHAEL MCCARRON,20.0,233:38,206:36
KUHNHACKL,TOM,R,34,TOM KUHNHACKL,42.0,512:24,465:33
MONTOYA,AL,G,35,AL MONTOYA,,,
LINDGREN,CHARLIE,G,35,CHARLIE LINDGREN,,,
SCHNEIDER,CORY,G,35,CORY SCHNEIDER,,,
KUEMPER,DARCY,G,35,DARCY KUEMPER,,,
TOKARSKI,DUSTIN,G,35,DUSTIN TOKARSKI,,,
HOWARD,JIMMY,G,35,JIMMY HOWARD,,,
POULIN,KEVIN,G,35,KEVIN POULIN,,,
ULLMARK,LINUS,G,35,LINUS ULLMARK,,,
DOMINGUE,LOUIS,G,35,LOUIS DOMINGUE,,,
RINNE,PEKKA,G,35,PEKKA RINNE,,,
WILL,ROMAN,G,35,ROMAN WILL,,,
MASON,STEVE,G,35,STEVE MASON,,,
O'BRIEN,JIM,C,36,JIM O'BRIEN,4.0,54:04,51:22
ZUCCARELLO,MATS,C,36,MATS ZUCCARELLO,81.0,1496:36,1203:09
BROWN,PATRICK,C,36,PATRICK BROWN,7.0,88:14,87:08
RINALDO,ZAC,C,36,ZAC RINALDO,52.0,431:09,418:17
LERNOUT,BRETT,D,36,BRETT LERNOUT,1.0,6:30,6:30
MORRISSEY,JOSHUA,D,36,JOSHUA MORRISSEY,1.0,15:54,15:32
PALIOTTA,MICHAEL,D,36,MICHAEL PALIOTTA,1.0,7:32,7:05
HARRINGTON,SCOTT,D,36,SCOTT HARRINGTON,15.0,196:25,182:57
GIBSON,JOHN,G,36,JOHN GIBSON,,,
BOULTON,ERIC,L,36,ERIC BOULTON,6.0,56:55,51:59
JOKINEN,JUSSI,L,36,JUSSI JOKINEN,81.0,1481:36,996:14
KERANEN,MICHAEL,L,36,MICHAEL KERANEN,1.0,6:09,6:09
WAGNER,CHRIS,R,36,CHRIS WAGNER,43.0,393:40,365:11
MCDONALD,COLIN,R,36,COLIN MCDONALD,5.0,40:43,40:40
HANSEN,JANNIK,R,36,JANNIK HANSEN,67.0,1101:05,890:25
BROUWER,TROY,R,36,TROY BROUWER,82.0,1393:34,1057:56
JEFFREY,DUSTIN,C,37,DUSTIN JEFFREY,7.0,79:51,71:15
BERGERON,PATRICE,C,37,PATRICE BERGERON,80.0,1586:47,1081:19
ZACHA,PAVEL,C,37,PAVEL ZACHA,1.0,16:51,10:39
REGNER,BRENT,D,37,BRENT REGNER,7.0,80:52,78:12
STRAIT,BRIAN,D,37,BRIAN STRAIT,52.0,802:35,707:45
ZATKOFF,JEFF,G,37,JEFF ZATKOFF,,,
ORTIO,JONI,G,37,JONI ORTIO,,,
RITCHIE,NICK,L,37,NICK RITCHIE,33.0,388:09,363:08
KAPANEN,KASPERI,R,37,KASPERI KAPANEN,9.0,133:01,109:11
JENNER,BOONE,C,38,BOONE JENNER,82.0,1345:33,1123:32
KEARNS,BRACKEN,C,38,BRACKEN KEARNS,2.0,31:47,26:36
HALEY,MICHEAL,C,38,MICHEAL HALEY,16.0,113:34,113:01
GRAGNANI,MARC-ANDRE,D,38,MARC-ANDRE GRAGNANI,4.0,57:27,44:48
SANTINI,STEVEN,D,38,STEVEN SANTINI,1.0,14:35,14:13
FIDDLER,VERNON,L,38,VERNON FIDDLER,82.0,953:14,732:58
ARVIDSSON,VIKTOR,L,38,VIKTOR ARVIDSSON,56.0,694:28,662:44
HARTMAN,RYAN,R,38,RYAN HARTMAN,3.0,27:43,27:43
COUTURE,LOGAN,C,39,LOGAN COUTURE,52.0,903:14,632:09
CHAPUT,MICHAEL,C,39,MICHAEL CHAPUT,8.0,71:59,71:28
NYLANDER,WILLIAM,C,39,WILLIAM NYLANDER,22.0,359:26,278:33
PROSSER,NATE,D,39,NATE PROSSER,54.0,615:05,531:05
HELGESON,SETH,D,39,SETH HELGESON,19.0,265:10,253:44
ENSTROM,TOBY,D,39,TOBY ENSTROM,72.0,1501:31,1232:45
NILSSON,ANDERS,G,39,ANDERS NILSSON,,,
MAZANEC,MAREK,G,39,MAREK MAZANEC,,,
CONDON,MIKE,G,39,MIKE CONDON,,,
BELESKEY,MATT,L,39,MATT BELESKEY,80.0,1268:33,1115:43
MANTHA,ANTHONY,R,39,ANTHONY MANTHA,10.0,117:00,96:02
BAUN,KYLE,R,39,KYLE BAUN,2.0,18:06,18:06
DILLON,BRENDEN,D,4,BRENDEN DILLON,76.0,1268:02,1168:28
FOWLER,CAM,D,4,CAM FOWLER,69.0,1571:52,1135:45
GUNNARSSON,CARL,D,4,CARL GUNNARSSON,72.0,1251:20,1063:45
OLSEN,DYLAN,D,4,DYLAN OLSEN,8.0,110:01,108:47
KINDL,JAKUB,D,4,JAKUB KINDL,44.0,677:09,610:02
DEMERS,JASON,D,4,JASON DEMERS,62.0,1293:49,986:29
GORGES,JOSH,D,4,JOSH GORGES,77.0,1575:49,1336:31
CONNAUTON,KEVIN,D,4,KEVIN CONNAUTON,65.0,1087:58,936:26
REILLY,MIKE,D,4,MIKE REILLY,29.0,350:24,279:01
HJALMARSSON,NIKLAS,D,4,NIKLAS HJALMARSSON,81.0,1812:38,1499:57
POSTMA,PAUL,D,4,PAUL POSTMA,26.0,297:46,280:08
SCUDERI,ROB,D,4,ROB SCUDERI,63.0,996:02,866:12
ELLIS,RYAN,D,4,RYAN ELLIS,79.0,1650:46,1314:15
CHORNEY,TAYLOR,D,4,TAYLOR CHORNEY,55.0,725:30,653:47
BARRIE,TYSON,D,4,TYSON BARRIE,78.0,1808:59,1435:21
MICHALEK,ZBYNEK,D,4,ZBYNEK MICHALEK,70.0,1188:00,951:43
HALL,TAYLOR,L,4,TAYLOR HALL,82.0,1573:05,1247:27
SUNDQVIST,OSKAR,C,40,OSKAR SUNDQVIST,18.0,185:36,176:05
CARPENTER,RYAN,C,40,RYAN CARPENTER,1.0,7:27,7:27
LECAVALIER,VINCENT,C,40,VINCENT LECAVALIER,49.0,648:46,535:51
SCRIVENS,BEN,G,40,BEN SCRIVENS,,,
ALTSHULLER,DANIEL,G,40,DANIEL ALTSHULLER,,,
DUBNYK,DEVAN,G,40,DEVAN DUBNYK,,,
SCHOENFELD,NATHAN,G,40,NATHAN SCHOENFELD,,,
LEHNER,ROBIN,G,40,ROBIN LEHNER,,,
RASK,TUUKKA,G,40,TUUKKA RASK,,,
DANIS,YANN,G,40,YANN DANIS,,,
TANGUAY,ALEX,L,40,ALEX TANGUAY,70.0,1105:20,880:25
ZETTERBERG,HENRIK,L,40,HENRIK ZETTERBERG,82.0,1591:39,1224:57
ZALEWSKI,MICHAEL,L,40,MICHAEL ZALEWSKI,3.0,35:34,35:34
BOLL,JARED,R,40,JARED BOLL,30.0,199:30,198:33
ARMIA,JOEL,R,40,JOEL ARMIA,43.0,522:56,476:01
GRABNER,MICHAEL,R,40,MICHAEL GRABNER,80.0,1157:32,859:45
WENNBERG,ALEXANDER,C,41,ALEXANDER WENNBERG,69.0,1094:23,841:37
MCKEGG,GREG,C,41,GREG MCKEGG,15.0,123:52,117:37
KEMPPAINEN,JOONAS,C,41,JOONAS KEMPPAINEN,44.0,551:26,465:27
GLENDENING,LUKE,C,41,LUKE GLENDENING,81.0,1180:48,882:12
MCNEILL,MARK,C,41,MARK MCNEILL,1.0,12:44,11:47
MUELLER,MIRCO,D,41,MIRCO MUELLER,11.0,116:38,111:57
BORTUZZO,ROBERT,D,41,ROBERT BORTUZZO,40.0,530:46,486:38
ANDERSON,CRAIG,G,41,CRAIG ANDERSON,,,
HALAK,JAROSLAV,G,41,JAROSLAV HALAK,,,
SMITH,MIKE,G,41,MIKE SMITH,,,
ZOLNIERCZYK,HARRY,L,41,HARRY ZOLNIERCZYK,1.0,8:48,8:46
BYRON,PAUL,L,41,PAUL BYRON,62.0,853:02,705:34
KENINS,RONALDS,L,41,RONALDS KENINS,8.0,91:17,89:39
SPRONG,DANIEL,R,41,DANIEL SPRONG,18.0,157:03,148:56
SOSHNIKOV,NIKITA,R,41,NIKITA SOSHNIKOV,11.0,171:50,145:25
NORDSTROM,JOAKIM,C,42,JOAKIM NORDSTROM,71.0,1109:26,955:08
MARCHESSAULT,JONATHAN,C,42,JONATHAN MARCHESSAULT,45.0,544:01,409:33
HOWDEN,QUINTON,C,42,QUINTON HOWDEN,58.0,601:35,582:00
BOZAK,TYLER,C,42,TYLER BOZAK,57.0,988:28,765:34
MANSON,JOSH,D,42,JOSH MANSON,71.0,1333:33,1137:40
MAYFIELD,SCOTT,D,42,SCOTT MAYFIELD,6.0,102:39,89:37
SLEPYSHEV,ANTON,L,42,ANTON SLEPYSHEV,11.0,95:36,92:39
SELLECK,ERIC,L,42,ERIC SELLECK,1.0,9:33,9:11
BACKES,DAVID,R,42,DAVID BACKES,79.0,1518:53,1107:34
WARD,JOEL,R,42,JOEL WARD,79.0,1340:36,1028:28
ANDRIGHETTO,SVEN,R,42,SVEN ANDRIGHETTO,44.0,620:57,548:27
CATENACCI,DANIEL,C,43,DANIEL CATENACCI,11.0,96:08,91:13
HELM,DARREN,C,43,DARREN HELM,77.0,1159:59,931:22
KADRI,NAZEM,C,43,NAZEM KADRI,76.0,1388:47,1091:47
DZINGEL,RYAN,C,43,RYAN DZINGEL,30.0,323:51,303:49
SVEDBERG,VIKTOR,D,43,VIKTOR SVEDBERG,27.0,425:20,388:15
SHEARY,CONOR,L,43,CONOR SHEARY,44.0,429:08,389:34
CARR,DANIEL,L,43,DANIEL CARR,23.0,277:41,251:57
FRIBERG,MAX,L,43,MAX FRIBERG,5.0,44:12,41:43
HARTNELL,SCOTT,L,43,SCOTT HARTNELL,79.0,1231:05,994:16
PLOTNIKOV,SERGEI,L,43,SERGEI PLOTNIKOV,45.0,444:32,432:20
WILSON,TOM,R,43,TOM WILSON,82.0,1058:51,903:57
NICHUSHKIN,VALERI,R,43,VALERI NICHUSHKIN,79.0,1100:19,1000:50
PAGEAU,JEAN-GABRIEL,C,44,JEAN-GABRIEL PAGEAU,82.0,1368:08,1079:10
THOMPSON,NATE,C,44,NATE THOMPSON,49.0,567:59,469:54
GRAOVAC,TYLER,C,44,TYLER GRAOVAC,2.0,23:13,23:13
ORPIK,BROOKS,D,44,BROOKS ORPIK,41.0,812:14,691:28
DE HAAN,CALVIN,D,44,CALVIN DE HAAN,72.0,1485:34,1244:37
DIETZ,DARREN,D,44,DARREN DIETZ,13.0,188:59,174:50
SEIDENBERG,DENNIS,D,44,DENNIS SEIDENBERG,61.0,1183:15,1009:39
GELINAS,ERIC,D,44,ERIC GELINAS,40.0,553:23,487:03
GUDBRANSON,ERIK,D,44,ERIK GUDBRANSON,64.0,1287:12,1016:43
FALK,JUSTIN,D,44,JUSTIN FALK,24.0,341:25,317:11
VLASIC,MARC-EDOUARD,D,44,MARC-EDOUARD VLASIC,67.0,1549:42,1187:39
BARTKOWSKI,MATT,D,44,MATT BARTKOWSKI,80.0,1489:32,1313:09
RIELLY,MORGAN,D,44,MORGAN RIELLY,82.0,1904:37,1443:36
WOOD,MILES,L,44,MILES WOOD,1.0,13:06,12:22
DESLAURIERS,NICOLAS,L,44,NICOLAS DESLAURIERS,70.0,722:12,696:56
MCGINN,TYE,L,44,TYE MCGINN,2.0,17:05,16:46
KASSIAN,ZACK,R,44,ZACK KASSIAN,36.0,448:16,423:44
MCFARLAND,JOHN,C,45,JOHN MCFARLAND,3.0,29:44,28:57
WIDEMAN,CHRIS,D,45,CHRIS WIDEMAN,64.0,892:49,816:32
MORROW,JOE,D,45,JOE MORROW,33.0,524:44,466:11
BARBERIO,MARK,D,45,MARK BARBERIO,30.0,449:56,403:16
VATANEN,SAMI,D,45,SAMI VATANEN,71.0,1516:13,1089:30
ELLIOTT,STEFAN,D,45,STEFAN ELLIOTT,21.0,297:30,266:44
LABARBERA,JASON,G,45,JASON LABARBERA,,,
BERNIER,JONATHAN,G,45,JONATHAN BERNIER,,,
HELLBERG,MAGNUS,G,45,MAGNUS HELLBERG,,,
EVERBERG,DENNIS,R,45,DENNIS EVERBERG,15.0,134:09,119:45
ARCHIBALD,JOSH,R,45,JOSH ARCHIBALD,1.0,5:02,5:02
THOMPSON,PAUL,R,45,PAUL THOMPSON,3.0,37:35,37:07
KREJCI,DAVID,C,46,DAVID KREJCI,72.0,1461:13,1045:57
WELSH,JEREMY,C,46,JEREMY WELSH,2.0,16:37,16:03
LATTA,MICHAEL,C,46,MICHAEL LATTA,43.0,347:41,343:45
GORMLEY,BRANDON,D,46,BRANDON GORMLEY,26.0,316:32,306:35
FRANSON,CODY,D,46,CODY FRANSON,59.0,993:24,801:26
KUKAN,DEAN,D,46,DEAN KUKAN,8.0,138:50,131:50
SPURGEON,JARED,D,46,JARED SPURGEON,77.0,1743:58,1362:21
WIERCIOCH,PATRICK,D,46,PATRICK WIERCIOCH,52.0,901:06,813:08
POLAK,ROMAN,D,46,ROMAN POLAK,79.0,1513:23,1261:31
CARRICK,TREVOR,D,46,TREVOR CARRICK,2.0,33:19,32:06
HRIVIK,MAREK,L,46,MAREK HRIVIK,5.0,53:35,48:17
LIPON,JC,R,46,JC LIPON,9.0,62:42,62:28
BLUNDEN,MIKE,R,46,MIKE BLUNDEN,20.0,173:04,170:04
SISLO,MIKE,R,46,MIKE SISLO,18.0,223:34,199:40
LINDBERG,TOBIAS,R,46,TOBIAS LINDBERG,6.0,95:02,76:48
BERTSCHY,CHRISTOPH,C,47,CHRISTOPH BERTSCHY,3.0,20:50,20:35
KOMAROV,LEO,C,47,LEO KOMAROV,67.0,1194:57,872:26
GRANT,ALEX,D,47,ALEX GRANT,5.0,66:10,58:55
MARCHENKO,ALEXEY,D,47,ALEXEY MARCHENKO,66.0,1110:51,947:01
MACDONALD,ANDREW,D,47,ANDREW MACDONALD,28.0,563:20,464:20
PROUT,DALTON,D,47,DALTON PROUT,64.0,1035:03,940:24
WARSOFSKY,DAVID,D,47,DAVID WARSOFSKY,22.0,376:43,318:13
LINDHOLM,HAMPUS,D,47,HAMPUS LINDHOLM,80.0,1760:09,1357:16
ODUYA,JOHNNY,D,47,JOHNNY ODUYA,82.0,1670:53,1375:38
JORDAN,MICHAL,D,47,MICHAL JORDAN,36.0,545:54,521:18
KRUG,TOREY,D,47,TOREY KRUG,81.0,1750:43,1340:17
BOGOSIAN,ZACH,D,47,ZACH BOGOSIAN,64.0,1429:28,1165:56
BAERTSCHI,SVEN,L,47,SVEN BAERTSCHI,69.0,928:37,776:11
SESTITO,TOM,L,47,TOM SESTITO,4.0,23:11,23:01
VERMIN,JOEL,R,47,JOEL VERMIN,6.0,54:50,49:36
SUTTER,BRODY,C,48,BRODY SUTTER,8.0,71:44,70:42
SHINKARUK,HUNTER,C,48,HUNTER SHINKARUK,8.0,119:43,101:09
HERTL,TOMAS,C,48,TOMAS HERTL,81.0,1293:49,1115:08
KENNEDY,TYLER,C,48,TYLER KENNEDY,50.0,671:15,589:44
HINOSTROZA,VINCENT,C,48,VINCENT HINOSTROZA,7.0,60:50,58:20
CAMPBELL,ANDREW,D,48,ANDREW CAMPBELL,6.0,69:30,66:34
MILLER,COLIN,D,48,COLIN MILLER,42.0,663:50,585:32
LINDBOHM,PETTERI,D,48,PETTERI LINDBOHM,10.0,137:53,135:31
MARTINOOK,JORDAN,L,48,JORDAN MARTINOOK,81.0,1234:09,968:00
SHAW,LOGAN,R,48,LOGAN SHAW,53.0,648:46,555:01
SIMON,DOMINIK,C,49,DOMINIK SIMON,3.0,18:13,18:13
RASK,VICTOR,C,49,VICTOR RASK,80.0,1357:54,1055:44
CLAESSON,FREDRIK,D,49,FREDRIK CLAESSON,16.0,308:38,279:59
LEIGHTON,MICHAEL,G,49,MICHAEL LEIGHTON,,,
LEIPSIC,BRENDAN,L,49,BRENDAN LEIPSIC,6.0,85:26,70:44
TANGRADI,ERIC,L,49,ERIC TANGRADI,1.0,6:55,6:55
MERSCH,MICHAEL,L,49,MICHAEL MERSCH,17.0,176:28,160:41
GALIEV,STANISLAV,R,49,STANISLAV GALIEV,24.0,218:53,200:48
EKBLAD,AARON,D,5,AARON EKBLAD,78.0,1691:16,1319:36
LARSSON,ADAM,D,5,ADAM LARSSON,82.0,1844:29,1467:28
JACKMAN,BARRET,D,5,BARRET JACKMAN,73.0,1011:35,941:57
RUHWEDEL,CHAD,D,5,CHAD RUHWEDEL,1.0,15:30,12:45
FOLIN,CHRISTIAN,D,5,CHRISTIAN FOLIN,26.0,379:05,322:15
CECI,CODY,D,5,CODY CECI,75.0,1447:24,1164:55
MURPHY,CONNOR,D,5,CONNOR MURPHY,78.0,1594:41,1280:06
GIRARDI,DAN,D,5,DAN GIRARDI,74.0,1503:44,1245:23
RUNDBLAD,DAVID,D,5,DAVID RUNDBLAD,9.0,129:21,108:06
MCBAIN,JAMIE,D,5,JAMIE MCBAIN,44.0,538:24,488:24
OLEKSIAK,JAMIE,D,5,JAMIE OLEKSIAK,19.0,241:36,227:32
GARRISON,JASON,D,5,JASON GARRISON,72.0,1329:23,1089:09
HOLZER,KORBINIAN,D,5,KORBINIAN HOLZER,29.0,427:52,386:05
SBISA,LUCA,D,5,LUCA SBISA,41.0,712:23,617:24
FAYNE,MARK,D,5,MARK FAYNE,69.0,1153:12,1008:43
GIORDANO,MARK,D,5,MARK GIORDANO,82.0,2031:21,1478:45
STUART,MARK,D,5,MARK STUART,64.0,1046:24,845:42
GUENIN,NATE,D,5,NATE GUENIN,29.0,378:45,327:59
HANIFIN,NOAH,D,5,NOAH HANIFIN,79.0,1414:25,1176:07
VERMETTE,ANTOINE,C,50,ANTOINE VERMETTE,76.0,1264:49,919:28
GAUNCE,BRENDAN,C,50,BRENDAN GAUNCE,20.0,255:10,219:53
TIERNEY,CHRIS,C,50,CHRIS TIERNEY,79.0,1042:11,890:16
PELECH,ADAM,D,50,ADAM PELECH,9.0,158:13,129:35
SIELOFF,PATRICK,D,50,PATRICK SIELOFF,1.0,17:59,10:19
PERCY,STUART,D,50,STUART PERCY,3.0,39:29,39:29
CRAWFORD,COREY,G,50,COREY CRAWFORD,,,
GUSTAVSSON,JONAS,G,50,JONAS GUSTAVSSON,,,
BINNINGTON,JORDAN,G,50,JORDAN BINNINGTON,,,
GUDLEVSKIS,KRISTERS,G,50,KRISTERS GUDLEVSKIS,,,
LIEUWEN,NATHAN,G,50,NATHAN LIEUWEN,,,
MICHALEK,STEVE,G,50,STEVE MICHALEK,,,
LANDER,ANTON,C,51,ANTON LANDER,61.0,736:38,550:48
DESHARNAIS,DAVID,C,51,DAVID DESHARNAIS,65.0,1040:13,843:51
NIELSEN,FRANS,C,51,FRANS NIELSEN,81.0,1435:19,977:31
SPOONER,RYAN,C,51,RYAN SPOONER,80.0,1211:17,925:54
KALININ,SERGEY,C,51,SERGEY KALININ,78.0,1039:24,902:18
FILPPULA,VALTTERI,C,51,VALTTERI FILPPULA,76.0,1387:23,986:16
CAMPBELL,BRIAN,D,51,BRIAN CAMPBELL,82.0,1826:18,1394:06
POULIOT,DERRICK,D,51,DERRICK POULIOT,22.0,339:58,307:11
TYUTIN,FEDOR,D,51,FEDOR TYUTIN,61.0,1073:00,921:35
GARDINER,JAKE,D,51,JAKE GARDINER,79.0,1629:03,1332:15
WATSON,AUSTIN,L,51,AUSTIN WATSON,57.0,570:09,514:59
AGOSTINO,KENNY,L,51,KENNY AGOSTINO,2.0,27:06,23:55
HOLLOWAY,BUD,C,52,BUD HOLLOWAY,1.0,7:19,7:19
COUSINS,NICK,C,52,NICK COUSINS,36.0,386:19,364:44
GUSTAFSSON,ERIK,D,52,ERIK GUSTAFSSON,41.0,633:07,549:24
ERICSSON,JONATHAN,D,52,JONATHAN ERICSSON,71.0,1315:57,1088:53
MARINCIN,MARTIN,D,52,MARTIN MARINCIN,65.0,1089:59,909:08
IRWIN,MATT,D,52,MATT IRWIN,2.0,29:52,25:25
BOLLIG,BRANDON,L,52,BRANDON BOLLIG,54.0,501:03,493:02
JOHNSTON,ROSS,L,52,ROSS JOHNSTON,1.0,16:17,14:30
FASCHING,HUDSON,R,52,HUDSON FASCHING,7.0,80:39,80:23
HORVAT,BO,C,53,BO HORVAT,82.0,1404:40,1005:58
CIZIKAS,CASEY,C,53,CASEY CIZIKAS,80.0,1014:24,816:03
KNIGHT,CORBAN,C,53,CORBAN KNIGHT,20.0,192:38,189:18
SKINNER,JEFF,C,53,JEFF SKINNER,82.0,1335:31,1110:08
CARRICK,SAM,C,53,SAM CARRICK,3.0,34:24,29:38
COLLINS,SEAN,C,53,SEAN COLLINS,2.0,17:03,15:35
GRIFFITH,SETH,C,53,SETH GRIFFITH,4.0,39:52,32:12
GRAVEL,KEVIN,D,53,KEVIN GRAVEL,5.0,58:23,52:15
WITKOWSKI,LUKE,D,53,LUKE WITKOWSKI,4.0,28:31,28:25
GOSTISBEHERE,SHAYNE,D,53,SHAYNE GOSTISBEHERE,64.0,1285:40,951:42
THEODORE,SHEA,D,53,SHEA THEODORE,19.0,363:04,273:06
MOZIK,VOJTECH,D,53,VOJTECH MOZIK,7.0,92:41,92:07
MASHINTER,BRANDON,L,53,BRANDON MASHINTER,41.0,307:11,303:41
LESSIO,LUCAS,L,53,LUCAS LESSIO,12.0,125:42,119:46
GAUTHIER,FREDERIK,C,54,FREDERIK GAUTHIER,7.0,96:55,74:59
MCQUAID,ADAM,D,54,ADAM MCQUAID,64.0,1154:34,968:19
PESCE,BRETT,D,54,BRETT PESCE,69.0,1294:37,1104:03
HUDON,CHARLES,L,54,CHARLES HUDON,3.0,32:05,29:54
KHAIRA,JUJHAR,L,54,JUJHAR KHAIRA,15.0,155:19,153:52
BULMER,BRETT,R,54,BRETT BULMER,3.0,20:09,19:59
LETESTU,MARK,C,55,MARK LETESTU,82.0,1294:02,885:35
SCHEIFELE,MARK,C,55,MARK SCHEIFELE,71.0,1316:40,1027:46
ACCIARI,NOEL,C,55,NOEL ACCIARI,19.0,187:57,160:07
NESS,AARON,D,55,AARON NESS,8.0,99:06,97:21
BIEGA,ALEX,D,55,ALEX BIEGA,51.0,854:52,770:51
COBURN,BRAYDON,D,55,BRAYDON COBURN,80.0,1340:11,1122:05
SUMMERS,CHRIS,D,55,CHRIS SUMMERS,3.0,46:10,42:12
PARAYKO,COLTON,D,55,COLTON PARAYKO,79.0,1530:58,1260:07
SCHULTZ,JEFF,D,55,JEFF SCHULTZ,1.0,18:15,13:05
RAMAGE,JOHN,D,55,JOHN RAMAGE,1.0,14:09,13:48
BOYCHUK,JOHNNY,D,55,JOHNNY BOYCHUK,70.0,1495:39,1214:51
SCHULTZ,NICK,D,55,NICK SCHULTZ,81.0,1453:18,1158:24
KRONWALL,NIKLAS,D,55,NIKLAS KRONWALL,64.0,1408:27,1000:27
RISTOLAINEN,RASMUS,D,55,RASMUS RISTOLAINEN,82.0,2073:01,1491:42
LOOV,VIKTOR,D,55,VIKTOR LOOV,4.0,41:50,40:32
MCLEOD,CODY,L,55,CODY MCLEOD,82.0,864:06,768:19
ROBINSON,BUDDY,R,55,BUDDY ROBINSON,3.0,25:48,25:40
FRIESEN,ALEX,C,56,ALEX FRIESEN,1.0,11:43,11:43
FROESE,BYRON,C,56,BYRON FROESE,56.0,707:04,536:06
DANO,MARKO,C,56,MARKO DANO,34.0,416:33,384:04
MATHESON,MICHAEL,D,56,MICHAEL MATHESON,3.0,52:36,47:42
CROSS,TOMMY,D,56,TOMMY CROSS,3.0,39:16,33:29
PIETILA,BLAKE,L,56,BLAKE PIETILA,7.0,84:14,73:20
WOODS,BRENDAN,L,56,BRENDAN WOODS,5.0,43:32,43:30
HAULA,ERIK,L,56,ERIK HAULA,76.0,966:14,790:51
FIALA,KEVIN,L,56,KEVIN FIALA,5.0,65:46,61:48
PAAJARVI,MAGNUS,L,56,MAGNUS PAAJARVI,48.0,616:48,583:45
BECK,TAYLOR,L,56,TAYLOR BECK,2.0,16:58,16:58
PULKKINEN,TEEMU,L,56,TEEMU PULKKINEN,36.0,416:25,337:52
BAILEY,JUSTIN,R,56,JUSTIN BAILEY,8.0,92:49,89:46
GRANT,DEREK,C,57,DEREK GRANT,15.0,163:11,142:24
WINGELS,TOMMY,C,57,TOMMY WINGELS,68.0,927:10,783:38
VAN RIEMSDYK,TREVOR,D,57,TREVOR VAN RIEMSDYK,82.0,1638:38,1393:37
MYERS,TYLER,D,57,TYLER MYERS,73.0,1650:18,1246:03
PERRON,DAVID,L,57,DAVID PERRON,71.0,1080:04,891:53
BOURQUE,GABRIEL,L,57,GABRIEL BOURQUE,22.0,272:01,212:10
MILLER,ANDREW,C,58,ANDREW MILLER,6.0,54:44,52:57
CARRICK,CONNOR,D,58,CONNOR CARRICK,19.0,295:08,267:39
SAVARD,DAVID,D,58,DAVID SAVARD,65.0,1506:13,1124:38
LETANG,KRIS,D,58,KRIS LETANG,71.0,1913:18,1351:03
KYLINGTON,OLIVER,D,58,OLIVER KYLINGTON,1.0,16:46,10:18
FEDUN,TAYLOR,D,58,TAYLOR FEDUN,1.0,18:48,18:39
LEIER,TAYLOR,L,58,TAYLOR LEIER,6.0,46:20,45:07
SCHALLER,TIM,C,59,TIM SCHALLER,17.0,141:30,120:49
JOSI,ROMAN,D,59,ROMAN JOSI,81.0,2064:13,1484:37
DZIURZYNSKI,DAVE,L,59,DAVE DZIURZYNSKI,14.0,141:05,137:23
BURMISTROV,ALEXANDER,C,6,ALEXANDER BURMISTROV,81.0,1309:59,1044:22
PETROVIC,ALEX,D,6,ALEX PETROVIC,66.0,1119:04,963:13
GREENE,ANDY,D,6,ANDY GREENE,82.0,1879:38,1459:04
STRALMAN,ANTON,D,6,ANTON STRALMAN,73.0,1609:57,1158:15
WIDEMAN,DENNIS,D,6,DENNIS WIDEMAN,51.0,1051:08,785:15
MCILRATH,DYLAN,D,6,DYLAN MCILRATH,34.0,480:13,442:39
JOHNSON,ERIK,D,6,ERIK JOHNSON,73.0,1710:32,1238:38
PATERYN,GREG,D,6,GREG PATERYN,38.0,635:56,564:00
MUZZIN,JAKE,D,6,JAKE MUZZIN,82.0,1891:00,1415:04
EDMUNDSON,JOEL,D,6,JOEL EDMUNDSON,67.0,999:58,909:11
SCANDELLA,MARCO,D,6,MARCO SCANDELLA,73.0,1510:20,1254:51
WEBER,MIKE,D,6,MIKE WEBER,45.0,696:37,623:13
PULOCK,RYAN,D,6,RYAN PULOCK,15.0,235:56,203:49
WEBER,SHEA,D,6,SHEA WEBER,78.0,1978:50,1418:29
DALEY,TREVOR,D,6,TREVOR DALEY,82.0,1512:11,1243:07
WEBER,YANNICK,D,6,YANNICK WEBER,45.0,847:20,680:34
RYAN,BOBBY,R,6,BOBBY RYAN,81.0,1390:05,1064:03
GRANLUND,MARKUS,C,60,MARKUS GRANLUND,47.0,648:01,541:15
TREUTLE,NIKLAS,G,60,NIKLAS TREUTLE,,,
BENOIT,ANDRE,D,61,ANDRE BENOIT,2.0,27:10,26:07
KULAK,BRETT,D,61,BRETT KULAK,8.0,98:46,97:02
BRAUN,JUSTIN,D,61,JUSTIN BRAUN,80.0,1644:45,1369:53
OUELLET,XAVIER,D,61,XAVIER OUELLET,5.0,81:13,74:47
NASH,RICK,L,61,RICK NASH,60.0,1016:22,762:02
TOLCHINSKY,SERGEY,L,61,SERGEY TOLCHINSKY,2.0,23:33,22:39
STONE,MARK,R,61,MARK STONE,75.0,1507:54,1094:37
SUSTR,ANDREJ,D,62,ANDREJ SUSTR,77.0,1296:24,1119:47
GRYBA,ERIC,D,62,ERIC GRYBA,53.0,947:46,810:24
TROTMAN,ZACH,D,62,ZACH TROTMAN,38.0,705:03,607:05
MARCHAND,BRAD,C,63,BRAD MARCHAND,77.0,1432:11,1077:49
BOLLAND,DAVE,C,63,DAVE BOLLAND,25.0,352:18,273:01
RIBEIRO,MIKE,C,63,MIKE RIBEIRO,81.0,1412:46,1122:47
ENNIS,TYLER,C,63,TYLER ENNIS,23.0,415:34,332:28
GABRIEL,KURTIS,R,63,KURTIS GABRIEL,3.0,13:29,13:29
BLANDISI,JOSEPH,C,64,JOSEPH BLANDISI,41.0,639:47,529:54
GRANLUND,MIKAEL,C,64,MIKAEL GRANLUND,82.0,1483:01,1115:29
HATHAWAY,GARNET,R,64,GARNET HATHAWAY,14.0,168:15,155:42
NOESEN,STEFAN,R,64,STEFAN NOESEN,1.0,10:02,6:35
RANDELL,TYLER,R,64,TYLER RANDELL,27.0,188:32,188:02
SHAW,ANDREW,C,65,ANDREW SHAW,78.0,1142:47,956:15
ELSON,TURNER,C,65,TURNER ELSON,1.0,14:54,8:19
GOURDE,YANNI,C,65,YANNI GOURDE,2.0,14:38,14:38
DEKEYSER,DANNY,D,65,DANNY DEKEYSER,78.0,1700:25,1363:46
KARLSSON,ERIK,D,65,ERIK KARLSSON,82.0,2373:51,1735:58
HAINSEY,RON,D,65,RON HAINSEY,81.0,1806:56,1477:11
STOLARZ,ANTHONY,G,65,ANTHONY STOLARZ,,,
BURAKOVSKY,ANDRE,L,65,ANDRE BURAKOVSKY,79.0,1028:56,940:00
GRENIER,ALEXANDRE,R,65,ALEXANDRE GRENIER,6.0,68:51,68:06
DOWD,NIC,C,67,NIC DOWD,5.0,52:53,48:19
KERO,TANNER,C,67,TANNER KERO,17.0,208:59,171:16
HARPUR,BEN,D,67,BEN HARPUR,5.0,68:18,66:46
POULIOT,BENOIT,L,67,BENOIT POULIOT,55.0,882:39,701:06
PACIORETTY,MAX,L,67,MAX PACIORETTY,82.0,1517:28,1088:15
BROWN,CHRIS,R,67,CHRIS BROWN,1.0,7:41,7:41
FROLIK,MICHAEL,R,67,MICHAEL FROLIK,64.0,1011:46,842:12
RAKELL,RICKARD,R,67,RICKARD RAKELL,72.0,1157:08,946:35
KARLSSON,MELKER,C,68,MELKER KARLSSON,65.0,879:02,756:49
HOFFMAN,MIKE,C,68,MIKE HOFFMAN,78.0,1368:18,1064:17
JAGR,JAROMIR,R,68,JAROMIR JAGR,79.0,1348:41,1089:49
COGLIANO,ANDREW,C,7,ANDREW COGLIANO,82.0,1183:24,987:11
MITCHELL,JOHN,C,7,JOHN MITCHELL,71.0,1081:46,852:39
TURRIS,KYLE,C,7,KYLE TURRIS,57.0,1122:34,840:02
CULLEN,MATT,C,7,MATT CULLEN,82.0,1138:11,870:59
CHIAROT,BEN,D,7,BEN CHIAROT,70.0,1012:03,941:26
SEABROOK,BRENT,D,7,BRENT SEABROOK,81.0,1847:52,1379:39
FORBORT,DEREK,D,7,DEREK FORBORT,14.0,154:38,143:51
KULIKOV,DMITRY,D,7,DMITRY KULIKOV,74.0,1556:33,1211:12
JOHNSON,JACK,D,7,JACK JOHNSON,60.0,1450:31,1062:29
MERRILL,JON,D,7,JON MERRILL,47.0,794:03,703:00
MARTIN,PAUL,D,7,PAUL MARTIN,78.0,1617:01,1365:29
MURPHY,RYAN,D,7,RYAN MURPHY,35.0,603:48,520:53
BRODIE,TJ,D,7,TJ BRODIE,70.0,1766:46,1333:18
PORTER,CHRIS,L,7,CHRIS PORTER,61.0,590:52,502:48
VEY,LINDEN,R,7,LINDEN VEY,41.0,645:49,505:26
RASMUSSEN,DENNIS,C,70,DENNIS RASMUSSEN,44.0,403:12,398:46
HOLTBY,BRADEN,G,70,BRADEN HOLTBY,,,
KORPISALO,JOONAS,G,70,JOONAS KORPISALO,,,
SUBBAN,MALCOLM,G,70,MALCOLM SUBBAN,,,
PEARSON,TANNER,L,70,TANNER PEARSON,79.0,1142:23,927:29
RENDULIC,BORNA,C,71,BORNA RENDULIC,3.0,22:35,22:02
LARKIN,DYLAN,C,71,DYLAN LARKIN,80.0,1322:53,1074:08
RODRIGUES,EVAN,C,71,EVAN RODRIGUES,2.0,23:30,21:04
MALKIN,EVGENI,C,71,EVGENI MALKIN,57.0,1104:10,807:30
NOLAN,JORDAN,C,71,JORDAN NOLAN,52.0,462:39,456:31
HANLEY,JOEL,D,71,JOEL HANLEY,10.0,159:59,137:21
MELCHIORI,JULIAN,D,71,JULIAN MELCHIORI,11.0,149:33,143:42
FOLIGNO,NICK,L,71,NICK FOLIGNO,72.0,1216:01,980:12
ATHANASIOU,ANDREAS,C,72,ANDREAS ATHANASIOU,37.0,333:39,302:26
PANARIN,ARTEMI,C,72,ARTEMI PANARIN,80.0,1480:52,1180:12
VATRANO,FRANK,C,72,FRANK VATRANO,39.0,463:20,440:03
BOBROVSKY,SERGEI,G,72,SERGEI BOBROVSKY,,,
HORNQVIST,PATRIC,R,72,PATRIC HORNQVIST,82.0,1381:52,1092:31
KOSMACHUK,SCOTT,R,72,SCOTT KOSMACHUK,8.0,92:16,88:17
TOFFOLI,TYLER,C,73,TYLER TOFFOLI,82.0,1419:39,1070:21
EMELIN,ALEXEI,D,74,ALEXEI EMELIN,72.0,1475:45,1247:29
DEMELO,DYLAN,D,74,DYLAN DEMELO,45.0,612:49,550:56
SLAVIN,JACCOB,D,74,JACCOB SLAVIN,63.0,1320:59,1076:01
CARLSON,JOHN,D,74,JOHN CARLSON,56.0,1327:17,955:40
BOROWIECKI,MARK,D,74,MARK BOROWIECKI,63.0,921:30,751:02
KING,DWIGHT,L,74,DWIGHT KING,47.0,678:33,583:56
REAVES,RYAN,R,75,RYAN REAVES,64.0,513:51,511:14
KHOKHLACHEV,ALEX,C,76,ALEX KHOKHLACHEV,5.0,51:16,51:14
VANDEVELDE,CHRIS,C,76,CHRIS VANDEVELDE,79.0,1070:27,863:50
DAUPHIN,LAURENT,C,76,LAURENT DAUPHIN,8.0,90:31,80:48
SKJEI,BRADY,D,76,BRADY SKJEI,7.0,124:08,100:15
SUBBAN,P.K.,D,76,P.K. SUBBAN,68.0,1791:36,1234:40
DE LEO,CHASE,C,77,CHASE DE LEO,2.0,18:50,17:24
CARTER,JEFF,C,77,JEFF CARTER,77.0,1415:54,1021:36
SGARBOSSA,MICHAEL,C,77,MICHAEL SGARBOSSA,1.0,8:21,8:21
KLEFBOM,OSCAR,D,77,OSCAR KLEFBOM,30.0,656:17,493:34
GILBERT,TOM,D,77,TOM GILBERT,45.0,758:43,652:34
HEDMAN,VICTOR,D,77,VICTOR HEDMAN,78.0,1799:10,1323:43
OSHIE,T.J.,R,77,T.J. OSHIE,80.0,1517:04,1104:04
BELLEMARE,PIERRE-EDOUARD,L,78,PIERRE-EDOUARD BELLEMARE,74.0,1003:27,777:52
MARKOV,ANDREI,D,79,ANDREI MARKOV,82.0,1953:08,1390:32
FERLAND,MICHEAL,L,79,MICHEAL FERLAND,71.0,895:29,789:20
COLBORNE,JOE,C,8,JOE COLBORNE,73.0,1106:13,903:53
PAVELSKI,JOE,C,8,JOE PAVELSKI,82.0,1623:38,1189:13
RIEDER,TOBIAS,C,8,TOBIAS RIEDER,82.0,1414:38,1014:23
DUMOULIN,BRIAN,D,8,BRIAN DUMOULIN,79.0,1492:11,1288:15
TANEV,CHRISTOPHER,D,8,CHRISTOPHER TANEV,69.0,1501:00,1156:08
SCHLEMKO,DAVID,D,8,DAVID SCHLEMKO,67.0,1248:11,956:22
DOUGHTY,DREW,D,8,DREW DOUGHTY,82.0,2297:28,1694:56
REINHART,GRIFFIN,D,8,GRIFFIN REINHART,29.0,524:10,455:18
TROUBA,JACOB,D,8,JACOB TROUBA,81.0,1787:05,1394:32
KLEIN,KEVIN,D,8,KEVIN KLEIN,69.0,1406:32,1174:29
GRANBERG,PETTER,D,8,PETTER GRANBERG,27.0,370:26,352:14
OVECHKIN,ALEX,L,8,ALEX OVECHKIN,79.0,1604:22,1184:10
ABDELKADER,JUSTIN,L,8,JUSTIN ABDELKADER,82.0,1511:43,1077:46
SKILLE,JACK,R,8,JACK SKILLE,74.0,653:36,625:51
TENNYSON,MATT,D,80,MATT TENNYSON,29.0,304:48,262:06
ELLER,LARS,C,81,LARS ELLER,79.0,1203:37,969:48
KESSEL,PHIL,C,81,PHIL KESSEL,82.0,1507:13,1131:00
HOSSA,MARIAN,R,81,MARIAN HOSSA,64.0,1104:23,831:22
MEDVEDEV,EVGENY,D,82,EVGENY MEDVEDEV,45.0,847:17,695:57
OESTERLE,JORDAN,D,82,JORDAN OESTERLE,17.0,367:24,290:41
FOLIGNO,MARCUS,L,82,MARCUS FOLIGNO,75.0,988:50,922:06
GOLDOBIN,NIKOLAY,R,82,NIKOLAY GOLDOBIN,9.0,100:40,100:04
BEAGLE,JAY,C,83,JAY BEAGLE,57.0,798:55,660:12
NIETO,MATT,L,83,MATT NIETO,67.0,881:41,782:32
NOSEK,TOMAS,L,83,TOMAS NOSEK,6.0,60:48,51:25
HEMSKY,ALES,R,83,ALES HEMSKY,75.0,982:35,816:14
GRABOVSKI,MIKHAIL,C,84,MIKHAIL GRABOVSKI,58.0,817:59,722:19
PERREAULT,MATHIEU,C,85,MATHIEU PERREAULT,71.0,1174:59,919:15
ELLIS,MORGAN,D,85,MORGAN ELLIS,3.0,26:52,25:45
MILLER,KEVAN,D,86,KEVAN MILLER,71.0,1352:56,1136:01
NIKITIN,NIKITA,D,86,NIKITA NIKITIN,11.0,162:50,156:53
BRICKLEY,CONNOR,L,86,CONNOR BRICKLEY,23.0,200:41,197:00
KULEMIN,NIKOLAY,L,86,NIKOLAY KULEMIN,81.0,1138:44,950:12
TERAVAINEN,TEUVO,L,86,TEUVO TERAVAINEN,78.0,1196:54,951:03
KUCHEROV,NIKITA,R,86,NIKITA KUCHEROV,77.0,1401:29,1068:07
CROSBY,SIDNEY,C,87,SIDNEY CROSBY,80.0,1637:17,1209:47
DAVIDSON,BRANDON,D,88,BRANDON DAVIDSON,51.0,979:01,778:34
BURNS,BRENT,D,88,BRENT BURNS,82.0,2119:14,1515:02
SCHMIDT,NATE,D,88,NATE SCHMIDT,72.0,1300:59,1158:27
TRYAMKIN,NIKITA,D,88,NIKITA TRYAMKIN,13.0,227:45,207:11
VASILEVSKIY,ANDREI,G,88,ANDREI VASILEVSKIY,,,
MCGINN,JAMIE,L,88,JAMIE MCGINN,84.0,1200:29,970:42
PASTRNAK,DAVID,R,88,DAVID PASTRNAK,51.0,712:06,671:20
KANE,PATRICK,R,88,PATRICK KANE,82.0,1673:06,1306:31
GOODROW,BARCLAY,C,89,BARCLAY GOODROW,14.0,143:47,127:32
GAGNER,SAM,C,89,SAM GAGNER,53.0,734:37,608:02
NESTEROV,NIKITA,D,89,NIKITA NESTEROV,57.0,848:42,736:41
JOHNSTON,RYAN,D,89,RYAN JOHNSTON,3.0,48:50,46:47
MCCORMICK,MAX,L,89,MAX MCCORMICK,20.0,209:10,205:30
BOEDKER,MIKKEL,L,89,MIKKEL BOEDKER,80.0,1475:49,1081:59
COPP,ANDREW,C,9,ANDREW COPP,77.0,616:15,550:03
ZUBRUS,DAINIUS,C,9,DAINIUS ZUBRUS,50.0,579:29,523:04
CAMPBELL,GREGORY,C,9,GREGORY CAMPBELL,82.0,866:26,712:04
TLUSTY,JIRI,C,9,JIRI TLUSTY,30.0,411:21,362:30
DUCHENE,MATT,C,9,MATT DUCHENE,76.0,1411:51,1103:46
KOIVU,MIKKO,C,9,MIKKO KOIVU,82.0,1636:59,1161:45
OTT,STEVE,C,9,STEVE OTT,21.0,229:17,188:33
JOHNSON,TYLER,C,9,TYLER JOHNSON,69.0,1182:37,882:25
ORLOV,DMITRY,D,9,DMITRY ORLOV,82.0,1314:09,1217:03
PRUST,BRANDON,L,9,BRANDON PRUST,35.0,447:27,415:43
KANE,EVANDER,L,9,EVANDER KANE,65.0,1367:25,1048:47
FORSBERG,FILIP,L,9,FILIP FORSBERG,82.0,1561:13,1120:18
DUPUIS,PASCAL,L,9,PASCAL DUPUIS,18.0,271:45,216:40
SPEZZA,JASON,C,90,JASON SPEZZA,75.0,1238:46,944:41
O'REILLY,RYAN,C,90,RYAN O'REILLY,71.0,1543:09,1068:09
NAMESTNIKOV,VLADISLAV,C,90,VLADISLAV NAMESTNIKOV,80.0,1128:33,939:00
JOHANSSON,MARCUS,L,90,MARCUS JOHANSSON,74.0,1231:20,967:12
CHIASSON,ALEX,R,90,ALEX CHIASSON,77.0,1048:34,827:54
MCCANN,JARED,C,91,JARED MCCANN,69.0,864:01,753:56
TAVARES,JOHN,C,91,JOHN TAVARES,78.0,1559:30,1209:05
STAMKOS,STEVEN,C,91,STEVEN STAMKOS,77.0,1519:31,1099:52
SEGUIN,TYLER,C,91,TYLER SEGUIN,72.0,1399:51,1066:12
TARASENKO,VLADIMIR,R,91,VLADIMIR TARASENKO,80.0,1490:43,1126:52
KUZNETSOV,EVGENY,C,92,EVGENY KUZNETSOV,82.0,1428:03,1159:45
RAU,KYLE,C,92,KYLE RAU,9.0,113:19,106:16
LANDESKOG,GABRIEL,L,92,GABRIEL LANDESKOG,75.0,1419:25,1028:09
FRANZEN,JOHAN,C,93,JOHAN FRANZEN,2.0,25:54,24:04
ZIBANEJAD,MIKA,C,93,MIKA ZIBANEJAD,81.0,1437:56,1022:51
NUGENT-HOPKINS,RYAN,C,93,RYAN NUGENT-HOPKINS,55.0,1048:02,795:07
BENNETT,SAM,C,93,SAM BENNETT,77.0,1164:55,970:03
YANDLE,KEITH,D,93,KEITH YANDLE,82.0,1636:53,1352:13
VORACEK,JAKUB,R,93,JAKUB VORACEK,73.0,1356:14,1002:39
RANTANEN,MIKKO,R,96,MIKKO RANTANEN,9.0,80:37,79:27
MCDAVID,CONNOR,C,97,CONNOR MCDAVID,45.0,849:42,624:55
